Data,A_vista_Reais,A_vista_USD
30/06/2005,20.41,8.71
01/07/2005,20.41,8.71
03/07/2005,21.18,9.04
04/07/2005,22.18,9.47
05/07/2005,20.41,8.71
06/07/2005,20.41,8.71
07/07/2005,20.41,8.71
08/07/2005,20.68,8.71
11/07/2005,20.72,8.85
12/07/2005,20.26,8.65
13/07/2005,20.47,8.69
14/07/2005,20.54,8.79
15/07/2005,20.37,8.71
18/07/2005,20.11,8.6
19/07/2005,19.86,8.48
20/07/2005,19.71,8.41
21/07/2005,19.75,8.38
22/07/2005,19.69,8.21
25/07/2005,19.9,8.08
26/07/2005,19.31,7.88
27/07/2005,19.13,7.84
28/07/2005,19.23,7.99
29/07/2005,18.69,7.85
01/08/2005,18.89,7.98
02/08/2005,18.7,7.98
03/08/2005,18.67,8.08
04/08/2005,18.63,8.08
05/08/2005,18.66,8.08
08/08/2005,18.29,7.85
09/08/2005,18.16,7.91
10/08/2005,17.98,7.89
11/08/2005,18.1,7.72
12/08/2005,17.95,7.56
15/08/2005,17.71,7.6
16/08/2005,17.91,7.6
17/08/2005,17.83,7.58
18/08/2005,18.05,7.58
19/08/2005,17.7,7.22
22/08/2005,17.64,7.39
23/08/2005,17.74,7.36
24/08/2005,17.59,7.21
25/08/2005,17.71,7.38
26/08/2005,17.27,7.19
29/08/2005,17.34,7.27
30/08/2005,17.26,7.24
31/08/2005,17.01,7.21
01/09/2005,17.17,7.27
02/09/2005,17.12,7.35
05/09/2005,17.08,7.31
06/09/2005,16.88,7.26
08/09/2005,16.87,7.27
09/09/2005,16.85,7.29
12/09/2005,16.98,7.31
13/09/2005,16.94,7.28
14/09/2005,16.85,7.24
15/09/2005,16.91,7.36
16/09/2005,16.88,7.34
19/09/2005,16.88,7.35
21/09/2005,16.75,7.36
22/09/2005,16.93,7.44
23/09/2005,17.03,7.52
26/09/2005,16.99,7.55
27/09/2005,16.88,7.47
28/09/2005,16.8,7.52
29/09/2005,16.89,7.63
30/09/2005,16.85,7.55
03/10/2005,16.69,7.48
04/10/2005,16.83,7.44
05/10/2005,16.91,7.46
06/10/2005,17.19,7.5
07/10/2005,17.18,7.63
10/10/2005,17.16,7.66
11/10/2005,17.18,7.69
13/10/2005,17.17,7.61
14/10/2005,17.19,7.65
17/10/2005,17.35,7.76
18/10/2005,17.01,7.59
19/10/2005,16.99,7.55
20/10/2005,17.13,7.61
21/10/2005,17.13,7.56
24/10/2005,17.16,7.59
25/10/2005,17.18,7.59
26/10/2005,17.17,7.53
27/10/2005,17.38,7.59
28/10/2005,17.41,7.69
31/10/2005,17.45,7.75
01/11/2005,17.77,7.91
03/11/2005,17.82,8.02
04/11/2005,17.89,8.08
07/11/2005,17.97,8.16
08/11/2005,18.31,8.34
09/11/2005,18.64,8.55
10/11/2005,18.77,8.65
11/11/2005,18.9,8.74
14/11/2005,19.25,8.71
16/11/2005,19.47,8.84
17/11/2005,19.65,8.97
18/11/2005,19.8,8.88
21/11/2005,20.31,9.13
22/11/2005,20.43,9.09
23/11/2005,20.62,9.2
24/11/2005,20.77,9.26
25/11/2005,20.93,9.37
28/11/2005,20.98,9.52
29/11/2005,20.92,9.56
30/11/2005,21.09,9.56
01/12/2005,21.18,9.53
02/12/2005,21.26,9.62
05/12/2005,21.23,9.67
06/12/2005,21.22,9.75
07/12/2005,21.26,9.68
08/12/2005,21.19,9.53
09/12/2005,21.21,9.41
12/12/2005,21.12,9.34
13/12/2005,21.02,9.28
14/12/2005,20.97,9.19
15/12/2005,21.02,9.14
16/12/2005,21.05,9.01
19/12/2005,20.82,8.74
20/12/2005,20.79,8.86
21/12/2005,20.86,9.04
22/12/2005,20.8,8.93
23/12/2005,20.8,8.89
26/12/2005,20.79,8.9
27/12/2005,20.79,8.85
28/12/2005,20.7,8.82
29/12/2005,20.67,8.8
02/01/2006,20.74,8.86
03/01/2006,20.76,8.91
04/01/2006,20.86,9.11
05/01/2006,20.97,9.17
06/01/2006,20.84,9.13
09/01/2006,21,9.33
10/01/2006,20.99,9.28
11/01/2006,21.19,9.28
12/01/2006,21.25,9.38
13/01/2006,21.27,9.34
16/01/2006,21.23,9.33
17/01/2006,21.2,9.17
18/01/2006,21.19,9.12
19/01/2006,20.83,8.95
20/01/2006,20.71,9.09
23/01/2006,20.62,9.11
24/01/2006,20.46,9.12
25/01/2006,20.32,9.04
26/01/2006,20.23,9.07
27/01/2006,20.12,9.08
30/01/2006,19.89,8.98
31/01/2006,19.75,8.91
01/02/2006,19.72,8.87
02/02/2006,19.57,8.79
03/02/2006,19.44,8.8
06/02/2006,18.93,8.66
07/02/2006,18.91,8.65
08/02/2006,18.88,8.64
09/02/2006,18.82,8.67
10/02/2006,18.67,8.62
13/02/2006,18.52,8.6
14/02/2006,18.45,8.63
15/02/2006,18.18,8.51
16/02/2006,18.17,8.59
17/02/2006,18.16,8.55
20/02/2006,18.02,8.51
21/02/2006,18.1,8.4
22/02/2006,17.95,8.38
23/02/2006,17.93,8.37
24/02/2006,18.03,8.42
01/03/2006,18.02,8.52
02/03/2006,18.07,8.55
03/03/2006,18.13,8.58
06/03/2006,18.01,8.41
07/03/2006,17.72,8.17
08/03/2006,17.66,8.08
09/03/2006,17.66,8.17
10/03/2006,17.62,8.24
13/03/2006,17.61,8.25
14/03/2006,17.54,8.25
15/03/2006,17.55,8.27
16/03/2006,17.47,8.28
17/03/2006,17.37,8.17
20/03/2006,17.26,8.03
21/03/2006,17.12,7.87
22/03/2006,17.14,7.96
23/03/2006,17.13,7.92
24/03/2006,17.13,7.95
27/03/2006,17.11,7.88
28/03/2006,17.1,7.74
29/03/2006,17.08,7.72
30/03/2006,17.05,7.79
31/03/2006,16.96,7.83
03/04/2006,16.94,7.92
04/04/2006,16.93,7.93
05/04/2006,16.92,7.93
06/04/2006,16.93,7.95
07/04/2006,16.88,7.85
10/04/2006,16.82,7.8
11/04/2006,16.78,7.84
12/04/2006,16.81,7.88
13/04/2006,16.8,7.86
17/04/2006,16.78,7.86
18/04/2006,16.73,7.9
19/04/2006,16.74,7.92
20/04/2006,16.58,7.82
24/04/2006,16.36,7.74
25/04/2006,16.45,7.73
26/04/2006,16.47,7.78
27/04/2006,16.42,7.8
28/04/2006,16.41,7.86
02/05/2006,16.19,7.86
03/05/2006,16.21,7.81
04/05/2006,16.21,7.83
05/05/2006,16.2,7.88
08/05/2006,16.12,7.79
09/05/2006,16.12,7.82
10/05/2006,16.18,7.85
11/05/2006,16.19,7.7
12/05/2006,16.21,7.56
15/05/2006,16.19,7.41
16/05/2006,16.19,7.58
17/05/2006,16.17,7.34
18/05/2006,16.28,7.49
19/05/2006,16.29,7.38
22/05/2006,16.35,7.14
23/05/2006,16.51,7.2
24/05/2006,16.59,6.91
25/05/2006,16.8,7.32
26/05/2006,16.93,7.56
29/05/2006,16.89,7.42
30/05/2006,17.32,7.5
31/05/2006,17.61,7.58
01/06/2006,17.74,7.87
02/06/2006,17.87,7.85
05/06/2006,18.09,8.04
06/06/2006,18.25,8.09
07/06/2006,18.4,8.22
08/06/2006,18.79,8.27
09/06/2006,18.87,8.35
12/06/2006,19.4,8.47
13/06/2006,19.52,8.48
14/06/2006,19.76,8.66
16/06/2006,19.94,8.88
19/06/2006,20.34,9.03
20/06/2006,20.53,9.14
21/06/2006,20.59,9.23
22/06/2006,20.69,9.22
23/06/2006,20.71,9.29
26/06/2006,20.78,9.31
27/06/2006,20.98,9.38
28/06/2006,21.21,9.55
29/06/2006,21.16,9.74
30/06/2006,21.11,9.75
03/07/2006,21.19,9.72
04/07/2006,21.1,9.73
05/07/2006,21.07,9.58
06/07/2006,21.05,9.68
07/07/2006,20.76,9.51
10/07/2006,20.66,9.48
11/07/2006,20.52,9.39
12/07/2006,20.44,9.29
13/07/2006,20.44,9.21
14/07/2006,20.35,9.19
17/07/2006,20.25,9.18
18/07/2006,20.2,9.21
19/07/2006,20.23,9.29
20/07/2006,20.22,9.22
21/07/2006,20.23,9.2
24/07/2006,20.24,9.23
25/07/2006,20.28,9.21
26/07/2006,20.29,9.26
27/07/2006,20.26,9.25
28/07/2006,20.25,9.31
31/07/2006,20.43,9.39
01/08/2006,20.41,9.31
02/08/2006,20.27,9.29
03/08/2006,20.23,9.29
04/08/2006,20.19,9.24
07/08/2006,20.2,9.25
08/08/2006,20.12,9.24
09/08/2006,20.11,9.28
10/08/2006,20.11,9.31
11/08/2006,20.09,9.28
14/08/2006,20.09,9.29
15/08/2006,20.05,9.36
16/08/2006,20.08,9.39
17/08/2006,20.09,9.39
18/08/2006,20.1,9.36
21/08/2006,20.09,9.42
22/08/2006,20.11,9.41
23/08/2006,20.1,9.34
24/08/2006,20.24,9.39
25/08/2006,20.11,9.32
28/08/2006,20.17,9.42
29/08/2006,20.24,9.47
30/08/2006,20.22,9.46
31/08/2006,20.23,9.43
01/09/2006,20.25,9.47
04/09/2006,20.29,9.55
05/09/2006,20.28,9.51
06/09/2006,20.26,9.41
08/09/2006,20.25,9.38
11/09/2006,20.25,9.3
12/09/2006,20.27,9.35
13/09/2006,20.15,9.34
14/09/2006,20.23,9.35
15/09/2006,20.16,9.37
18/09/2006,20.15,9.38
19/09/2006,20.15,9.32
21/09/2006,20.15,9.12
22/09/2006,20.32,9.21
25/09/2006,20.34,9.17
26/09/2006,20.46,9.33
27/09/2006,20.46,9.35
28/09/2006,20.61,9.49
29/09/2006,20.77,9.57
02/10/2006,21.1,9.78
03/10/2006,21.16,9.73
04/10/2006,21.45,9.92
05/10/2006,21.52,9.97
06/10/2006,21.65,10.01
09/10/2006,22.1,10.25
10/10/2006,22.25,10.33
11/10/2006,22.38,10.37
13/10/2006,22.47,10.51
16/10/2006,22.72,10.67
17/10/2006,23.28,10.92
18/10/2006,23.73,11.1
19/10/2006,24.14,11.27
20/10/2006,24.22,11.31
23/10/2006,24.56,11.49
24/10/2006,24.84,11.55
25/10/2006,24.88,11.59
26/10/2006,25.05,11.72
27/10/2006,25.2,11.81
30/10/2006,25.14,11.69
31/10/2006,25.3,11.81
01/11/2006,25.46,11.88
03/11/2006,25.43,11.87
06/11/2006,25.51,11.94
07/11/2006,25.68,12.01
08/11/2006,25.73,12
09/11/2006,25.77,12.04
10/11/2006,25.71,11.95
13/11/2006,25.53,11.77
14/11/2006,25.39,11.81
16/11/2006,25.24,11.72
17/11/2006,25.21,11.67
20/11/2006,25.12,11.62
21/11/2006,24.72,11.43
22/11/2006,24.55,11.34
23/11/2006,24.49,11.3
24/11/2006,24.43,11.26
27/11/2006,24.35,11.12
28/11/2006,24.16,11.04
29/11/2006,24.12,11.12
30/11/2006,24.16,11.17
01/12/2006,24.11,11.12
04/12/2006,24.08,11.13
05/12/2006,23.72,11.02
06/12/2006,23.47,10.94
07/12/2006,23.48,10.95
08/12/2006,23.4,10.93
11/12/2006,23.29,10.89
12/12/2006,23.06,10.72
13/12/2006,23.05,10.74
14/12/2006,23.03,10.72
15/12/2006,23.06,10.74
18/12/2006,23.01,10.71
19/12/2006,22.97,10.63
20/12/2006,22.91,10.62
21/12/2006,22.79,10.57
22/12/2006,22.78,10.61
26/12/2006,22.76,10.62
27/12/2006,22.81,10.63
28/12/2006,22.71,10.63
02/01/2007,22.53,10.57
03/01/2007,22.46,10.5
04/01/2007,22.44,10.47
05/01/2007,22.33,10.38
08/01/2007,22.33,10.38
09/01/2007,22.19,10.32
10/01/2007,22.09,10.28
11/01/2007,21.93,10.22
12/01/2007,21.73,10.15
15/01/2007,21.46,10.02
16/01/2007,21.31,9.96
17/01/2007,21.14,9.91
18/01/2007,20.93,9.8
19/01/2007,20.7,9.71
22/01/2007,20.07,9.4
23/01/2007,19.98,9.37
24/01/2007,19.78,9.29
25/01/2007,19.82,9.29
26/01/2007,19.75,9.24
29/01/2007,19.65,9.21
30/01/2007,19.39,9.1
31/01/2007,19.33,9.1
01/02/2007,19.16,9.11
02/02/2007,19.15,9.1
05/02/2007,19.08,9.11
06/02/2007,18.82,9.02
07/02/2007,18.73,8.94
08/02/2007,18.67,8.92
09/02/2007,18.54,8.79
12/02/2007,18.4,8.7
13/02/2007,18.37,8.72
14/02/2007,18.32,8.76
15/02/2007,18.39,8.79
16/02/2007,18.32,8.75
21/02/2007,18.29,8.8
22/02/2007,18.32,8.8
23/02/2007,18.43,8.82
26/02/2007,18.47,8.86
27/02/2007,18.62,8.78
28/02/2007,18.86,8.89
01/03/2007,18.99,8.96
02/03/2007,19.05,8.93
05/03/2007,19.2,8.99
06/03/2007,19.59,9.26
07/03/2007,19.99,9.46
08/03/2007,20.1,9.54
09/03/2007,20.11,9.58
12/03/2007,20.17,9.66
13/03/2007,20.54,9.76
14/03/2007,20.74,9.89
15/03/2007,20.94,10.02
16/03/2007,20.98,10.02
19/03/2007,21.03,10.11
20/03/2007,21.08,10.15
21/03/2007,21.09,10.24
22/03/2007,21.13,10.25
23/03/2007,21.16,10.26
26/03/2007,21.09,10.24
27/03/2007,21,10.18
28/03/2007,21.06,10.18
29/03/2007,21.04,10.29
30/03/2007,21.09,10.23
02/04/2007,21.02,10.27
03/04/2007,20.96,10.29
04/04/2007,20.81,10.23
05/04/2007,20.9,10.29
09/04/2007,20.81,10.28
10/04/2007,20.82,10.26
11/04/2007,20.81,10.21
12/04/2007,20.79,10.22
13/04/2007,20.73,10.26
16/04/2007,20.73,10.18
17/04/2007,20.75,10.19
18/04/2007,20.64,10.15
19/04/2007,20.6,10.15
20/04/2007,20.63,10.18
23/04/2007,20.65,10.14
24/04/2007,20.63,10.14
25/04/2007,20.61,10.2
26/04/2007,20.65,10.19
27/04/2007,20.64,10.16
30/04/2007,20.63,10.13
02/05/2007,20.56,10.16
03/05/2007,20.58,10.16
04/05/2007,20.55,10.1
07/05/2007,20.51,10.15
08/05/2007,20.53,10.15
09/05/2007,20.46,10.14
10/05/2007,20.42,10.1
11/05/2007,20.44,10.13
14/05/2007,20.48,10.2
15/05/2007,20.45,10.32
16/05/2007,20.44,10.47
17/05/2007,20.46,10.48
18/05/2007,20.46,10.44
21/05/2007,20.58,10.62
22/05/2007,20.55,10.57
23/05/2007,20.57,10.54
24/05/2007,20.59,10.45
25/05/2007,20.61,10.56
28/05/2007,20.57,10.59
29/05/2007,20.56,10.54
30/05/2007,20.59,10.6
31/05/2007,20.66,10.73
01/06/2007,20.67,10.85
04/06/2007,20.69,10.73
05/06/2007,20.67,10.63
06/06/2007,20.66,10.59
08/06/2007,20.67,10.55
11/06/2007,20.79,10.72
12/06/2007,20.76,10.67
13/06/2007,20.77,10.68
14/06/2007,20.81,10.8
15/06/2007,20.83,10.89
18/06/2007,20.78,10.9
19/06/2007,20.77,10.9
20/06/2007,20.85,10.81
21/06/2007,20.84,10.87
22/06/2007,20.85,10.73
25/06/2007,20.85,10.69
26/06/2007,20.81,10.65
27/06/2007,20.9,10.76
28/06/2007,21.01,10.93
29/06/2007,21.08,10.92
02/07/2007,21.08,11.01
03/07/2007,21.12,11.05
04/07/2007,21.17,11.08
05/07/2007,21.19,11.07
06/07/2007,21.21,11.14
09/07/2007,21.22,11.18
10/07/2007,21.28,11.24
11/07/2007,21.5,11.37
12/07/2007,21.47,11.46
13/07/2007,21.5,11.55
16/07/2007,21.52,11.5
17/07/2007,21.47,11.54
18/07/2007,21.54,11.58
19/07/2007,21.56,11.63
20/07/2007,21.56,11.61
23/07/2007,21.59,11.72
24/07/2007,21.62,11.62
25/07/2007,21.74,11.65
26/07/2007,21.82,11.31
27/07/2007,21.84,11.53
30/07/2007,21.88,11.67
31/07/2007,22.05,11.72
01/08/2007,22.15,11.71
02/08/2007,22.33,11.91
03/08/2007,22.41,11.79
06/08/2007,22.55,11.83
07/08/2007,22.72,11.91
08/08/2007,22.85,12.11
09/08/2007,23.03,11.96
10/08/2007,23.07,11.82
13/08/2007,23.16,11.92
14/08/2007,23.41,11.79
15/08/2007,23.51,11.58
16/08/2007,23.6,11.28
17/08/2007,23.64,11.67
20/08/2007,23.73,11.69
21/08/2007,24.06,11.83
22/08/2007,24.15,12.01
23/08/2007,24.26,12.2
24/08/2007,24.27,12.5
27/08/2007,24.28,12.45
28/08/2007,24.4,12.18
29/08/2007,24.46,12.44
30/08/2007,24.51,12.42
31/08/2007,24.52,12.49
03/09/2007,24.55,12.57
04/09/2007,24.61,12.63
05/09/2007,24.61,12.5
06/09/2007,24.63,12.66
10/09/2007,24.64,12.66
11/09/2007,24.53,12.74
12/09/2007,24.24,12.7
13/09/2007,24.17,12.69
14/09/2007,24.01,12.63
17/09/2007,23.74,12.36
18/09/2007,23.77,12.66
19/09/2007,23.71,12.69
21/09/2007,23.7,12.69
24/09/2007,23.63,12.63
25/09/2007,23.56,12.67
26/09/2007,23.53,12.74
27/09/2007,23.49,12.75
28/09/2007,23.49,12.81
01/10/2007,23.44,12.95
02/10/2007,23.46,12.85
03/10/2007,23.46,12.76
04/10/2007,23.48,12.87
05/10/2007,23.49,13.02
08/10/2007,23.47,12.91
09/10/2007,23.44,13
10/10/2007,23.44,12.99
11/10/2007,23.5,13.01
15/10/2007,23.47,12.93
16/10/2007,23.33,12.86
17/10/2007,23.33,12.81
18/10/2007,23.35,13.08
19/10/2007,23.35,12.93
22/10/2007,23.37,12.85
23/10/2007,23.08,12.84
24/10/2007,22.9,12.66
25/10/2007,22.85,12.74
26/10/2007,22.83,12.91
29/10/2007,22.6,12.86
30/10/2007,22.59,12.89
31/10/2007,22.57,13
01/11/2007,22.55,12.9
05/11/2007,22.4,12.81
06/11/2007,22.32,12.86
07/11/2007,22.26,12.79
08/11/2007,22.16,12.7
09/11/2007,22.14,12.68
12/11/2007,22.1,12.43
13/11/2007,22.19,12.56
14/11/2007,22.22,12.82
16/11/2007,22.1,12.65
19/11/2007,22,12.45
20/11/2007,21.94,12.45
21/11/2007,21.97,12.37
22/11/2007,21.96,12.34
23/11/2007,21.89,12.13
26/11/2007,21.88,12
27/11/2007,21.87,11.91
28/11/2007,21.88,12.19
29/11/2007,21.9,12.21
30/11/2007,22.04,12.29
03/12/2007,22.02,12.27
04/12/2007,22.19,12.26
05/12/2007,22.31,12.42
06/12/2007,22.34,12.58
07/12/2007,22.33,12.7
10/12/2007,22.39,12.68
11/12/2007,22.4,12.74
12/12/2007,22.59,12.74
13/12/2007,22.81,12.79
14/12/2007,22.88,12.73
17/12/2007,23.04,12.71
18/12/2007,23.15,12.76
19/12/2007,23.23,12.9
20/12/2007,23.31,12.91
21/12/2007,23.3,12.99
26/12/2007,23.34,13.17
27/12/2007,23.63,13.42
28/12/2007,23.62,13.31
02/01/2008,23.79,13.43
03/01/2008,24.14,13.78
04/01/2008,24.23,13.81
07/01/2008,24.29,13.77
08/01/2008,24.65,14
09/01/2008,24.96,14.12
10/01/2008,25.19,14.34
11/01/2008,25.51,14.6
14/01/2008,25.48,14.69
15/01/2008,25.43,14.52
16/01/2008,25.54,14.41
17/01/2008,25.6,14.33
18/01/2008,25.57,14.32
21/01/2008,25.61,13.99
22/01/2008,25.65,14.31
23/01/2008,25.58,14.02
24/01/2008,25.68,14.39
25/01/2008,25.63,14.34
28/01/2008,25.61,14.35
29/01/2008,25.63,14.39
30/01/2008,25.64,14.4
31/01/2008,25.61,14.56
01/02/2008,25.67,14.7
06/02/2008,25.67,14.65
07/02/2008,25.51,14.51
08/02/2008,25.63,14.49
11/02/2008,25.52,14.52
12/02/2008,25.29,14.45
13/02/2008,25.09,14.4
14/02/2008,25.09,14.33
15/02/2008,25.08,14.3
18/02/2008,25.08,14.45
19/02/2008,24.55,14.17
20/02/2008,24.61,14.27
21/02/2008,24.45,14.29
22/02/2008,24.07,14.09
25/02/2008,23.93,14.03
26/02/2008,23.65,14.04
27/02/2008,23.49,14.06
28/02/2008,23.37,14
29/02/2008,23.37,13.82
03/03/2008,23.17,13.86
04/03/2008,22.92,13.59
05/03/2008,22.83,13.66
06/03/2008,22.82,13.58
07/03/2008,22.8,13.54
10/03/2008,22.54,13.21
11/03/2008,22.39,13.29
12/03/2008,22.42,13.39
13/03/2008,22.4,13.23
14/03/2008,22.27,12.99
17/03/2008,22.27,12.92
18/03/2008,22.35,13.24
19/03/2008,22.47,13.06
20/03/2008,22.5,12.99
24/03/2008,22.5,12.88
25/03/2008,22.69,13.1
26/03/2008,22.81,13.22
27/03/2008,22.92,13.19
28/03/2008,23.17,13.28
31/03/2008,23.32,13.3
01/04/2008,23.58,13.51
02/04/2008,23.97,13.88
03/04/2008,24.68,14.37
04/04/2008,24.92,14.58
07/04/2008,25.07,14.71
08/04/2008,25.9,15.29
09/04/2008,26.45,15.66
10/04/2008,27.17,16.12
11/04/2008,27.33,16.17
14/04/2008,28.26,16.75
15/04/2008,29.04,17.25
16/04/2008,29.62,17.8
17/04/2008,30.06,18.13
18/04/2008,30.73,18.41
22/04/2008,31.16,18.76
23/04/2008,32.06,19.33
24/04/2008,32.48,19.45
25/04/2008,32.69,19.61
28/04/2008,32.83,19.45
29/04/2008,32.87,19.27
30/04/2008,33.12,19.92
02/05/2008,33.25,20.15
05/05/2008,33.35,20.13
06/05/2008,34.48,20.77
07/05/2008,34.81,20.6
08/05/2008,35.03,20.69
09/05/2008,35.11,20.83
12/05/2008,35.29,21.2
13/05/2008,35.38,21.35
14/05/2008,35.48,21.32
15/05/2008,35.49,21.44
16/05/2008,35.45,21.61
19/05/2008,35.35,21.44
20/05/2008,35.33,21.41
21/05/2008,35.2,21.23
23/05/2008,35.12,21.14
26/05/2008,34.89,21.03
27/05/2008,34.33,20.55
28/05/2008,34.07,20.59
29/05/2008,33.59,20.52
30/05/2008,33.48,20.56
02/06/2008,33.25,20.38
03/06/2008,33.19,20.38
04/06/2008,33.19,20.37
05/06/2008,33.18,20.39
06/06/2008,33.21,20.32
09/06/2008,33.13,20.37
10/06/2008,33.16,20.13
11/06/2008,33.09,20.15
12/06/2008,33.07,20.22
13/06/2008,33.01,20.18
16/06/2008,33.01,20.32
17/06/2008,33.09,20.58
18/06/2008,33.17,20.64
19/06/2008,33.28,20.75
20/06/2008,33.24,20.7
23/06/2008,33.28,20.63
24/06/2008,33.2,20.73
25/06/2008,33.2,20.87
26/06/2008,33.23,20.73
27/06/2008,33.22,20.82
30/06/2008,33.25,20.82
01/07/2008,33.18,20.67
02/07/2008,33.32,20.79
03/07/2008,33.28,20.66
04/07/2008,33.28,20.7
07/07/2008,33.29,20.79
08/07/2008,33.22,20.59
09/07/2008,33.25,20.68
10/07/2008,33.25,20.65
11/07/2008,33.22,20.75
14/07/2008,33.24,20.85
15/07/2008,33.19,20.9
16/07/2008,33.19,20.79
17/07/2008,33.24,20.79
18/07/2008,33.19,20.89
21/07/2008,33.23,21.04
22/07/2008,33.1,20.95
23/07/2008,33.18,20.95
24/07/2008,33.17,21.01
25/07/2008,33.07,21.02
28/07/2008,33.07,20.99
29/07/2008,33.06,21.07
30/07/2008,33.08,21.18
31/07/2008,33.06,21.16
01/08/2008,33.08,21.18
04/08/2008,33.04,21.14
05/08/2008,33.11,21.02
06/08/2008,33.18,21.04
07/08/2008,33.21,20.87
08/08/2008,33.19,20.64
11/08/2008,33.21,20.55
12/08/2008,33.19,20.44
13/08/2008,33.19,20.55
14/08/2008,33.25,20.44
15/08/2008,33.29,20.32
18/08/2008,33.28,20.31
19/08/2008,33.37,20.51
20/08/2008,33.39,20.62
21/08/2008,33.38,20.73
22/08/2008,33.39,20.51
25/08/2008,33.35,20.42
26/08/2008,33.32,20.43
27/08/2008,33.39,20.58
28/08/2008,33.47,20.51
29/08/2008,33.52,20.53
01/09/2008,33.56,20.38
02/09/2008,33.73,20.29
03/09/2008,33.84,20.17
04/09/2008,33.94,19.74
05/09/2008,33.98,19.79
08/09/2008,33.99,19.58
09/09/2008,34.22,19.31
10/09/2008,34.26,19.19
11/09/2008,34.44,18.98
12/09/2008,34.57,19.41
15/09/2008,34.65,19.1
16/09/2008,34.78,19.11
17/09/2008,35.18,18.83
18/09/2008,35.51,18.4
19/09/2008,35.59,19.45
22/09/2008,35.7,19.91
23/09/2008,35.66,19.49
24/09/2008,35.55,19.22
25/09/2008,35.51,19.5
26/09/2008,35.64,19.23
29/09/2008,35.64,18.12
30/09/2008,35.6,18.7
01/10/2008,35.84,18.69
02/10/2008,35.87,17.75
03/10/2008,35.94,17.58
06/10/2008,36,16.36
07/10/2008,36.24,15.67
08/10/2008,36.3,15.92
09/10/2008,36.37,16.62
10/10/2008,36.36,15.71
13/10/2008,36.28,16.95
14/10/2008,36.3,17.27
15/10/2008,36.31,16.77
16/10/2008,36.29,16.76
17/10/2008,36.26,17.15
20/10/2008,36.22,17.11
21/10/2008,36.01,16.11
22/10/2008,36.11,15.17
23/10/2008,35.91,15.55
24/10/2008,36.01,15.48
27/10/2008,35.98,16.03
28/10/2008,35.91,16.43
29/10/2008,35.42,16.55
30/10/2008,34.33,16.32
31/10/2008,34.49,16
03/11/2008,34.43,15.87
04/11/2008,34.11,16.16
05/11/2008,33.9,16.01
06/11/2008,33.67,15.3
07/11/2008,33.39,15.46
10/11/2008,33.24,15.16
11/11/2008,32.99,14.85
12/11/2008,32.97,14.38
13/11/2008,32.84,13.8
14/11/2008,32.85,14.47
17/11/2008,32.83,14.42
18/11/2008,32.71,14.07
19/11/2008,32.75,13.73
20/11/2008,32.74,13.64
21/11/2008,32.62,13.24
24/11/2008,32.47,13.95
25/11/2008,32.43,13.95
26/11/2008,32.32,14.26
27/11/2008,32.25,14.14
28/11/2008,32.03,13.85
01/12/2008,32,13.8
02/12/2008,31.91,13.35
03/12/2008,32.01,12.94
04/12/2008,31.89,12.6
05/12/2008,31.89,12.83
08/12/2008,31.86,12.74
09/12/2008,31.95,12.92
10/12/2008,31.9,13.13
11/12/2008,31.67,13.5
12/12/2008,31.72,13.41
15/12/2008,31.71,13.33
16/12/2008,31.85,13.44
17/12/2008,31.86,13.57
18/12/2008,31.89,13.52
19/12/2008,31.87,13.48
22/12/2008,31.75,13.29
23/12/2008,31.69,13.27
26/12/2008,31.68,13.37
29/12/2008,31.68,13.12
30/12/2008,31.72,13.58
02/01/2009,31.75,13.6
05/01/2009,31.81,14.11
06/01/2009,32.02,14.69
07/01/2009,32.09,14.25
08/01/2009,32.11,13.97
09/01/2009,32.17,14.17
12/01/2009,32.13,14.01
13/01/2009,32.25,13.85
14/01/2009,32.22,13.74
15/01/2009,32.19,13.51
16/01/2009,32.21,13.79
19/01/2009,32.2,13.81
20/01/2009,32.37,13.65
21/01/2009,32.35,13.76
22/01/2009,32.33,13.88
23/01/2009,32.42,13.86
26/01/2009,32.39,14.02
27/01/2009,32.42,13.92
28/01/2009,32.43,14.25
29/01/2009,32.41,14.12
30/01/2009,32.4,14
02/02/2009,32.36,13.92
03/02/2009,32.26,13.91
04/02/2009,32.24,13.96
05/02/2009,32.25,14.1
06/02/2009,32.18,14.32
09/02/2009,32.09,14.35
10/02/2009,31.81,13.93
11/02/2009,31.68,13.83
12/02/2009,31.57,13.8
13/02/2009,31.32,13.83
16/02/2009,31.27,13.71
17/02/2009,30.79,13.24
18/02/2009,30.54,13
19/02/2009,30.39,12.93
20/02/2009,30.18,12.63
25/02/2009,29.95,12.61
26/02/2009,29.56,12.61
27/02/2009,29.61,12.49
02/03/2009,29.46,12.06
03/03/2009,29.33,12.16
04/03/2009,29.35,12.37
05/03/2009,29.19,12.27
06/03/2009,29.17,12.28
09/03/2009,29.15,12.27
10/03/2009,29.13,12.4
11/03/2009,29.06,12.37
12/03/2009,28.98,12.58
13/03/2009,28.78,12.52
16/03/2009,28.66,12.59
17/03/2009,28.42,12.44
18/03/2009,28.28,12.57
19/03/2009,28.24,12.56
20/03/2009,28.16,12.44
23/03/2009,28.08,12.51
24/03/2009,28.01,12.49
25/03/2009,28.03,12.47
26/03/2009,27.89,12.45
27/03/2009,27.94,12.19
30/03/2009,27.96,12
31/03/2009,27.89,12.03
01/04/2009,27.82,12.2
02/04/2009,27.79,12.44
03/04/2009,27.78,12.59
06/04/2009,27.8,12.53
07/04/2009,27.8,12.53
08/04/2009,27.68,12.56
09/04/2009,27.71,12.76
13/04/2009,27.77,12.8
14/04/2009,27.73,12.63
15/04/2009,27.67,12.6
16/04/2009,27.54,12.66
17/04/2009,27.57,12.58
20/04/2009,27.55,12.28
22/04/2009,27.56,12.52
23/04/2009,27.5,12.39
24/04/2009,27.45,12.53
27/04/2009,27.3,12.3
28/04/2009,27.26,12.41
29/04/2009,27.27,12.54
30/04/2009,27.22,12.44
04/05/2009,27.19,12.79
05/05/2009,27.18,12.65
06/05/2009,27.08,12.82
07/05/2009,27.03,12.81
08/05/2009,27.01,13.06
11/05/2009,26.88,13.05
12/05/2009,26.53,12.82
13/05/2009,26.39,12.53
14/05/2009,26.39,12.68
15/05/2009,26.28,12.45
18/05/2009,26.25,12.65
19/05/2009,26,12.78
20/05/2009,25.92,12.78
21/05/2009,25.8,12.68
22/05/2009,25.82,12.74
25/05/2009,25.82,12.75
26/05/2009,25.46,12.61
27/05/2009,25.54,12.67
28/05/2009,25.44,12.66
29/05/2009,25.34,12.86
01/06/2009,25.14,12.87
02/06/2009,25.01,13
03/06/2009,25.08,12.78
04/06/2009,25.07,12.91
05/06/2009,25.1,12.82
08/06/2009,25.14,12.79
09/06/2009,25.25,13.04
10/06/2009,25.31,12.97
12/06/2009,25.33,13.16
15/06/2009,25.39,13
16/06/2009,25.39,12.91
17/06/2009,25.47,12.98
18/06/2009,25.57,12.95
19/06/2009,25.62,12.99
22/06/2009,25.66,12.68
23/06/2009,25.99,13.11
24/06/2009,26.09,13.15
25/06/2009,26.3,13.51
26/06/2009,26.36,13.6
29/06/2009,26.43,13.46
30/06/2009,27.04,13.77
01/07/2009,27.37,14.19
02/07/2009,27.44,14.06
03/07/2009,27.63,14.15
06/07/2009,27.59,14.08
07/07/2009,27.82,13.96
08/07/2009,27.83,13.85
09/07/2009,27.95,14.03
10/07/2009,28.08,14.04
13/07/2009,28.05,14.17
14/07/2009,28.02,14.23
15/07/2009,28.03,14.49
16/07/2009,28.07,14.54
17/07/2009,28.05,14.55
20/07/2009,28.02,14.72
21/07/2009,28.04,14.7
22/07/2009,28.05,14.73
23/07/2009,28.01,14.83
24/07/2009,27.92,14.72
27/07/2009,27.96,14.91
28/07/2009,27.93,14.84
29/07/2009,27.82,14.61
30/07/2009,27.78,14.82
31/07/2009,27.75,14.88
03/08/2009,27.7,15.1
04/08/2009,27.68,15.18
05/08/2009,27.56,15.22
06/08/2009,27.49,14.97
07/08/2009,27.41,15.03
10/08/2009,27.31,14.77
11/08/2009,27.24,14.78
12/08/2009,27.03,14.74
13/08/2009,26.9,14.68
14/08/2009,26.96,14.55
17/08/2009,26.9,14.4
18/08/2009,26.68,14.46
19/08/2009,26.7,14.47
20/08/2009,26.72,14.5
21/08/2009,26.6,14.53
24/08/2009,26.74,14.5
25/08/2009,26.72,14.39
26/08/2009,26.76,14.38
27/08/2009,26.71,14.32
28/08/2009,26.82,14.25
31/08/2009,26.87,14.22
01/09/2009,26.9,14.12
02/09/2009,26.96,14.3
03/09/2009,26.97,14.45
04/09/2009,27.19,14.77
08/09/2009,27.38,14.99
09/09/2009,27.46,14.96
10/09/2009,27.57,15.14
11/09/2009,27.67,15.15
14/09/2009,27.7,15.28
15/09/2009,28.04,15.53
16/09/2009,28.05,15.58
17/09/2009,28.12,15.56
18/09/2009,28.18,15.58
21/09/2009,28.26,15.56
22/09/2009,28.44,15.82
23/09/2009,28.42,15.9
24/09/2009,28.52,15.81
25/09/2009,28.4,15.8
28/09/2009,28.43,15.87
29/09/2009,28.41,15.84
30/09/2009,28.54,16.11
01/10/2009,28.63,16.01
02/10/2009,28.6,16.09
05/10/2009,28.58,16.23
06/10/2009,28.36,16.18
07/10/2009,28.36,16.15
08/10/2009,28.32,16.28
09/10/2009,28.32,16.3
13/10/2009,28.1,16.27
14/10/2009,27.83,16.34
15/10/2009,27.69,16.3
16/10/2009,27.65,16.17
19/10/2009,27.62,16.14
20/10/2009,27.24,15.62
21/10/2009,27.23,15.78
22/10/2009,27.22,15.78
23/10/2009,27.19,15.87
26/10/2009,27.12,15.59
27/10/2009,27.03,15.54
28/10/2009,26.99,15.38
29/10/2009,26.93,15.56
30/10/2009,26.9,15.32
03/11/2009,26.86,15.39
04/11/2009,26.77,15.49
05/11/2009,26.82,15.57
06/11/2009,26.85,15.62
09/11/2009,26.84,15.78
10/11/2009,26.78,15.59
11/11/2009,26.74,15.53
12/11/2009,26.83,15.44
13/11/2009,26.83,15.58
16/11/2009,26.78,15.66
17/11/2009,26.57,15.47
18/11/2009,26.52,15.45
19/11/2009,26.43,15.24
20/11/2009,26.33,15.18
23/11/2009,26.28,15.21
24/11/2009,26.39,15.21
25/11/2009,26.38,15.28
26/11/2009,26.45,15.11
27/11/2009,26.53,15.22
30/11/2009,26.5,15.11
01/12/2009,26.65,15.48
02/12/2009,26.75,15.53
03/12/2009,26.94,15.76
04/12/2009,26.9,15.59
07/12/2009,27.03,15.7
08/12/2009,27.49,15.63
09/12/2009,27.68,15.63
10/12/2009,27.8,15.74
11/12/2009,28,15.96
14/12/2009,28.11,16.14
15/12/2009,28.46,16.24
16/12/2009,28.72,16.41
17/12/2009,28.72,16.04
18/12/2009,28.91,16.21
21/12/2009,28.91,16.21
22/12/2009,29.37,16.48
23/12/2009,29.48,16.78
28/12/2009,29.56,16.98
29/12/2009,29.69,17.03
30/12/2009,29.79,17.09
04/01/2010,29.79,17.32
05/01/2010,30.1,17.39
06/01/2010,30.27,17.41
07/01/2010,30.71,17.6
08/01/2010,30.72,17.76
11/01/2010,31.06,17.89
12/01/2010,31.71,18.14
13/01/2010,32.13,18.25
14/01/2010,32.19,18.24
15/01/2010,32.72,18.46
18/01/2010,32.82,18.57
19/01/2010,32.9,18.56
20/01/2010,33.04,18.44
21/01/2010,32.91,18.29
22/01/2010,32.99,18.18
25/01/2010,33.03,18.14
26/01/2010,32.93,17.94
27/01/2010,32.96,17.73
28/01/2010,32.87,17.6
29/01/2010,32.7,17.35
01/02/2010,32.61,17.54
02/02/2010,31.87,17.41
03/02/2010,31.59,17.14
04/02/2010,31.36,16.65
05/02/2010,31.22,16.52
08/02/2010,31.14,16.62
09/02/2010,30.49,16.51
10/02/2010,30.31,16.39
11/02/2010,30.24,16.36
12/02/2010,30.15,16.18
17/02/2010,30.11,16.49
18/02/2010,29.83,16.37
19/02/2010,29.7,16.45
22/02/2010,29.67,16.4
23/02/2010,29.3,16.05
24/02/2010,29.31,16.05
25/02/2010,29.28,15.99
26/02/2010,29.23,16.18
01/03/2010,29.1,16.18
02/03/2010,28.64,16.07
03/03/2010,28.17,15.74
04/03/2010,27.97,15.61
05/03/2010,27.85,15.59
08/03/2010,27.81,15.56
09/03/2010,27.29,15.33
10/03/2010,27.41,15.48
11/03/2010,27.26,15.4
12/03/2010,27.26,15.47
15/03/2010,27.12,15.38
16/03/2010,27.01,15.31
17/03/2010,26.96,15.27
18/03/2010,26.95,15.09
19/03/2010,26.98,14.98
22/03/2010,26.96,14.98
23/03/2010,27.01,15.2
24/03/2010,26.95,14.97
25/03/2010,26.97,14.91
26/03/2010,26.95,14.76
29/03/2010,26.96,14.99
30/03/2010,26.99,15.04
31/03/2010,26.99,15.15
01/04/2010,27.18,15.36
05/04/2010,27.17,15.42
06/04/2010,27.37,15.6
07/04/2010,27.44,15.45
08/04/2010,27.5,15.47
09/04/2010,27.52,15.52
12/04/2010,27.59,15.71
13/04/2010,27.88,15.87
14/04/2010,28,16.03
15/04/2010,28.04,15.99
16/04/2010,28.08,15.96
19/04/2010,28.1,16.01
20/04/2010,28.33,16.16
22/04/2010,28.43,16.12
23/04/2010,28.54,16.21
26/04/2010,28.53,16.35
27/04/2010,28.65,16.23
28/04/2010,28.66,16.37
29/04/2010,28.78,16.62
30/04/2010,28.73,16.54
03/05/2010,28.68,16.58
04/05/2010,28.63,16.26
05/05/2010,28.6,15.92
06/05/2010,28.52,15.38
07/05/2010,28.6,15.47
10/05/2010,28.51,16.08
11/05/2010,28.41,15.92
12/05/2010,28.37,15.98
13/05/2010,28.33,15.94
14/05/2010,28.29,15.67
17/05/2010,28.31,15.64
18/05/2010,28.1,15.42
19/05/2010,28.1,15.3
20/05/2010,27.9,14.98
21/05/2010,27.86,14.97
24/05/2010,27.78,14.9
25/05/2010,27.69,14.82
26/05/2010,27.71,14.93
27/05/2010,27.62,15.13
28/05/2010,27.61,15.26
31/05/2010,27.55,15.14
01/06/2010,27.23,14.81
02/06/2010,27.2,14.9
04/06/2010,27.06,14.57
07/06/2010,27.03,14.38
08/06/2010,26.91,14.48
09/06/2010,26.77,14.5
10/06/2010,26.72,14.78
11/06/2010,26.68,14.69
14/06/2010,26.67,14.75
15/06/2010,26.66,14.87
16/06/2010,26.66,14.89
17/06/2010,26.55,14.83
18/06/2010,26.54,14.98
21/06/2010,26.54,14.96
22/06/2010,26.44,14.84
23/06/2010,26.55,14.82
24/06/2010,26.54,14.83
25/06/2010,26.54,14.92
28/06/2010,26.54,14.89
29/06/2010,26.58,14.68
30/06/2010,26.62,14.76
01/07/2010,26.61,14.83
02/07/2010,26.62,14.99
05/07/2010,26.6,14.97
06/07/2010,26.65,14.96
07/07/2010,26.72,15.13
08/07/2010,26.74,15.16
09/07/2010,26.69,15.17
12/07/2010,26.76,15.16
13/07/2010,26.82,15.3
14/07/2010,26.86,15.22
15/07/2010,26.87,15.16
16/07/2010,26.91,15.1
19/07/2010,26.86,15.03
20/07/2010,26.91,15.17
21/07/2010,26.97,15.11
22/07/2010,26.96,15.32
23/07/2010,27.15,15.43
26/07/2010,27.08,15.34
27/07/2010,27.31,15.43
28/07/2010,27.35,15.45
29/07/2010,27.43,15.57
30/07/2010,27.45,15.64
02/08/2010,27.44,15.67
03/08/2010,27.45,15.6
04/08/2010,27.59,15.69
05/08/2010,27.6,15.73
06/08/2010,27.67,15.72
09/08/2010,27.66,15.79
10/08/2010,27.67,15.73
11/08/2010,27.64,15.62
12/08/2010,27.66,15.63
13/08/2010,27.62,15.59
16/08/2010,27.6,15.71
17/08/2010,27.5,15.68
18/08/2010,27.49,15.68
19/08/2010,27.44,15.63
20/08/2010,27.43,15.59
23/08/2010,27.34,15.46
24/08/2010,27.16,15.39
25/08/2010,27.06,15.32
26/08/2010,27.02,15.34
27/08/2010,26.94,15.37
30/08/2010,26.92,15.3
31/08/2010,26.82,15.28
01/09/2010,26.83,15.36
02/09/2010,26.91,15.54
03/09/2010,26.88,15.51
06/09/2010,26.87,15.56
08/09/2010,26.8,15.54
09/09/2010,26.81,15.56
10/09/2010,26.73,15.54
13/09/2010,26.74,15.59
14/09/2010,26.5,15.52
15/09/2010,26.6,15.41
16/09/2010,26.57,15.5
17/09/2010,26.57,15.46
20/09/2010,26.57,15.46
21/09/2010,26.41,15.4
22/09/2010,26.43,15.35
23/09/2010,26.34,15.33
24/09/2010,26.17,15.29
27/09/2010,26.19,15.32
28/09/2010,26,15.2
29/09/2010,26.05,15.28
30/09/2010,26.05,15.4
01/10/2010,26.09,15.54
04/10/2010,26.09,15.43
05/10/2010,25.86,15.49
06/10/2010,25.9,15.42
07/10/2010,25.88,15.35
08/10/2010,25.86,15.5
11/10/2010,25.85,15.51
13/10/2010,25.72,15.57
14/10/2010,25.71,15.47
15/10/2010,25.78,15.49
18/10/2010,25.82,15.51
19/10/2010,25.5,15.13
20/10/2010,25.52,15.24
21/10/2010,25.46,15.02
22/10/2010,25.5,14.95
25/10/2010,25.45,14.97
26/10/2010,25.31,14.85
27/10/2010,25.35,14.74
28/10/2010,25.35,14.8
29/10/2010,25.33,14.88
01/11/2010,25.4,14.88
03/11/2010,25.28,14.88
04/11/2010,25.33,15.12
05/11/2010,25.31,15.07
08/11/2010,25.41,14.98
09/11/2010,25.5,15.01
10/11/2010,25.48,14.91
11/11/2010,25.53,14.87
12/11/2010,25.6,14.86
16/11/2010,25.76,14.81
17/11/2010,25.79,14.94
18/11/2010,25.65,14.97
19/11/2010,25.68,14.95
22/11/2010,25.7,14.87
23/11/2010,25.74,14.84
24/11/2010,25.94,15.06
25/11/2010,25.86,15.02
26/11/2010,25.89,14.97
29/11/2010,25.85,15
30/11/2010,25.7,14.98
01/12/2010,25.7,15.05
02/12/2010,25.73,15.12
03/12/2010,25.75,15.28
06/12/2010,25.74,15.33
07/12/2010,25.49,15.17
08/12/2010,25.36,14.98
09/12/2010,25.19,14.74
10/12/2010,25.1,14.65
13/12/2010,25.09,14.79
14/12/2010,24.58,14.52
15/12/2010,24.63,14.5
16/12/2010,24.59,14.45
17/12/2010,24.48,14.27
20/12/2010,24.44,14.32
21/12/2010,24.25,14.29
22/12/2010,24.15,14.24
23/12/2010,24.19,14.28
27/12/2010,24.06,14.25
28/12/2010,23.82,14.09
29/12/2010,23.82,14.19
30/12/2010,23.82,14.32
03/01/2011,23.72,14.38
04/01/2011,23.36,14.04
05/01/2011,23.45,14.01
06/01/2011,23.28,13.8
07/01/2011,23.24,13.8
10/01/2011,23.31,13.8
11/01/2011,22.94,13.6
12/01/2011,22.91,13.67
13/01/2011,22.78,13.65
14/01/2011,22.67,13.45
17/01/2011,22.65,13.46
18/01/2011,22.23,13.26
19/01/2011,22.22,13.29
20/01/2011,22.29,13.32
21/01/2011,22.24,13.3
24/01/2011,22.19,13.27
25/01/2011,21.91,13.11
26/01/2011,22,13.17
27/01/2011,21.9,13.04
28/01/2011,21.95,13.03
31/01/2011,22,13.14
01/02/2011,21.98,13.21
02/02/2011,21.84,13.09
03/02/2011,21.83,13.07
04/02/2011,21.84,13.03
07/02/2011,21.92,13.05
08/02/2011,22.15,13.29
09/02/2011,22.12,13.32
10/02/2011,22.06,13.2
11/02/2011,22.31,13.38
14/02/2011,22.3,13.36
15/02/2011,22.44,13.44
16/02/2011,22.51,13.46
17/02/2011,22.45,13.5
18/02/2011,22.53,13.54
21/02/2011,22.55,13.52
22/02/2011,22.45,13.42
23/02/2011,22.53,13.45
24/02/2011,22.53,13.54
25/02/2011,22.55,13.55
28/02/2011,22.54,13.55
01/03/2011,22.43,13.48
02/03/2011,22.38,13.48
03/03/2011,22.17,13.42
04/03/2011,22.06,13.41
09/03/2011,21.85,13.19
10/03/2011,21.88,13.17
11/03/2011,21.87,13.13
14/03/2011,21.87,13.16
15/03/2011,21.53,12.92
16/03/2011,21.56,12.88
17/03/2011,21.37,12.67
18/03/2011,21.25,12.73
21/03/2011,21.22,12.73
22/03/2011,20.89,12.56
23/03/2011,20.73,12.48
24/03/2011,20.69,12.48
25/03/2011,20.71,12.48
28/03/2011,20.7,12.46
29/03/2011,19.94,12.05
30/03/2011,19.99,12.27
31/03/2011,19.91,12.2
01/04/2011,19.93,12.36
04/04/2011,19.89,12.36
05/04/2011,19.52,12.13
06/04/2011,19.47,12.06
07/04/2011,19.53,12.33
08/04/2011,19.46,12.37
11/04/2011,19.37,12.25
12/04/2011,19.35,12.14
13/04/2011,19.25,12.1
14/04/2011,19.17,12.14
15/04/2011,19.26,12.2
18/04/2011,19.22,12.09
19/04/2011,19.05,12.09
20/04/2011,19.11,12.16
25/04/2011,19.11,12.15
26/04/2011,19.04,12.17
27/04/2011,19.19,12.22
28/04/2011,19.22,12.14
29/04/2011,19.22,12.22
02/05/2011,19.24,12.2
03/05/2011,19.15,12.05
04/05/2011,19.14,11.93
05/05/2011,19.14,11.78
06/05/2011,19.11,11.82
09/05/2011,19.09,11.79
10/05/2011,19.1,11.9
11/05/2011,19.05,11.76
12/05/2011,19.12,11.78
13/05/2011,18.92,11.59
16/05/2011,18.92,11.59
17/05/2011,18.98,11.7
18/05/2011,19.09,11.84
19/05/2011,19.06,11.79
20/05/2011,19.05,11.79
23/05/2011,19.01,11.65
24/05/2011,18.85,11.61
25/05/2011,18.97,11.65
26/05/2011,19.11,11.82
27/05/2011,19.22,12.01
30/05/2011,19.24,12.08
31/05/2011,19.23,12.17
01/06/2011,19.15,12
02/06/2011,19.13,12.12
03/06/2011,19.19,12.18
06/06/2011,19.23,12.15
07/06/2011,19.08,12.09
08/06/2011,19.4,12.25
09/06/2011,19.44,12.23
10/06/2011,19.44,12.17
13/06/2011,19.42,12.23
14/06/2011,19.36,12.24
15/06/2011,19.42,12.14
16/06/2011,19.48,12.1
17/06/2011,19.46,12.19
20/06/2011,19.48,12.21
21/06/2011,19.51,12.28
22/06/2011,19.67,12.38
24/06/2011,19.8,12.34
27/06/2011,19.81,12.41
28/06/2011,20.14,12.76
29/06/2011,20.16,12.82
30/06/2011,20.3,13
01/07/2011,20.44,13.13
04/07/2011,20.45,13.17
05/07/2011,20.63,13.18
06/07/2011,20.83,13.28
07/07/2011,20.98,13.48
08/07/2011,21.24,13.58
11/07/2011,21.43,13.55
12/07/2011,21.65,13.69
13/07/2011,21.8,13.84
14/07/2011,21.87,13.86
15/07/2011,21.85,13.88
18/07/2011,21.94,13.89
19/07/2011,22.33,14.25
20/07/2011,22.29,14.29
21/07/2011,22.33,14.36
22/07/2011,22.42,14.42
25/07/2011,22.47,14.56
26/07/2011,22.52,14.66
27/07/2011,22.65,14.53
28/07/2011,22.73,14.49
29/07/2011,22.89,14.74
01/08/2011,22.84,14.62
02/08/2011,23.17,14.78
03/08/2011,23.19,14.85
04/08/2011,23.28,14.72
05/08/2011,23.33,14.71
08/08/2011,23.35,14.48
09/08/2011,23.76,14.77
10/08/2011,23.69,14.65
11/08/2011,23.71,14.66
12/08/2011,23.77,14.74
15/08/2011,23.84,15
16/08/2011,23.72,14.92
17/08/2011,23.75,15
18/08/2011,23.8,14.85
19/08/2011,23.8,14.88
22/08/2011,23.78,14.83
23/08/2011,23.76,14.85
24/08/2011,23.75,14.75
25/08/2011,23.69,14.71
26/08/2011,23.76,14.8
29/08/2011,23.7,14.89
30/08/2011,23.5,14.8
31/08/2011,23.39,14.68
01/09/2011,23.27,14.45
02/09/2011,23.28,14.23
05/09/2011,23.26,14.1
06/09/2011,23.13,13.91
08/09/2011,23.15,13.97
09/09/2011,23.12,13.75
12/09/2011,23.11,13.48
13/09/2011,22.92,13.38
14/09/2011,22.97,13.35
15/09/2011,23.07,13.51
16/09/2011,23.05,13.33
19/09/2011,23.03,12.98
20/09/2011,23.03,12.98
21/09/2011,23.12,12.54
22/09/2011,23.22,12.17
23/09/2011,23.26,12.63
26/09/2011,23.3,12.71
27/09/2011,23.41,12.94
28/09/2011,23.33,12.77
29/09/2011,23.69,12.79
30/09/2011,23.78,12.65
03/10/2011,23.77,12.58
04/10/2011,23.94,12.67
05/10/2011,24.04,13.09
06/10/2011,24,13.43
07/10/2011,24,13.59
10/10/2011,24.01,13.57
11/10/2011,24.17,13.75
13/10/2011,24.19,13.82
14/10/2011,24.32,14.04
17/10/2011,24.28,13.76
18/10/2011,24.49,13.91
19/10/2011,24.48,13.8
20/10/2011,24.58,13.71
21/10/2011,24.6,13.82
24/10/2011,24.62,14.04
25/10/2011,24.69,14
26/10/2011,24.61,13.98
27/10/2011,24.78,14.54
28/10/2011,24.83,14.78
31/10/2011,24.83,14.66
01/11/2011,24.97,14.43
03/11/2011,25.08,14.41
04/11/2011,25.18,14.48
07/11/2011,25.21,14.4
08/11/2011,25.31,14.53
09/11/2011,25.47,14.43
10/11/2011,25.55,14.51
11/11/2011,25.55,14.65
14/11/2011,25.58,14.49
16/11/2011,25.63,14.46
17/11/2011,25.79,14.49
18/11/2011,25.87,14.51
21/11/2011,25.8,14.28
22/11/2011,25.86,14.32
23/11/2011,25.83,13.86
24/11/2011,25.84,13.69
25/11/2011,25.82,13.7
28/11/2011,25.77,13.89
29/11/2011,25.66,13.9
30/11/2011,25.7,14.21
01/12/2011,25.81,14.32
02/12/2011,25.75,14.37
05/12/2011,25.75,14.4
06/12/2011,25.59,14.26
07/12/2011,25.6,14.3
08/12/2011,25.51,14.05
09/12/2011,25.56,14.15
12/12/2011,25.55,13.86
13/12/2011,25.61,13.81
14/12/2011,25.6,13.66
15/12/2011,25.64,13.78
16/12/2011,25.62,13.81
19/12/2011,25.5,13.65
20/12/2011,25.47,13.82
21/12/2011,25.49,13.73
22/12/2011,25.55,13.79
23/12/2011,25.57,13.79
26/12/2011,25.58,13.76
27/12/2011,25.51,13.71
28/12/2011,25.57,13.64
29/12/2011,25.73,13.77
02/01/2012,25.75,13.77
03/01/2012,25.75,14.07
04/01/2012,25.77,14.09
05/01/2012,25.68,13.97
06/01/2012,25.68,13.85
09/01/2012,25.7,13.98
10/01/2012,25.81,14.31
11/01/2012,25.87,14.36
12/01/2012,25.96,14.54
13/01/2012,25.97,14.48
16/01/2012,26.08,14.61
17/01/2012,26.38,14.84
18/01/2012,26.38,14.95
19/01/2012,26.51,15
20/01/2012,26.64,15.15
23/01/2012,26.62,15.22
24/01/2012,26.94,15.35
25/01/2012,27.02,15.35
26/01/2012,27.05,15.53
27/01/2012,27.13,15.57
30/01/2012,27.12,15.51
31/01/2012,27.06,15.51
01/02/2012,27.23,15.71
02/02/2012,27.27,15.84
03/02/2012,27.21,15.85
06/02/2012,27.16,15.73
07/02/2012,27.14,15.74
08/02/2012,27.25,15.84
09/02/2012,27.25,15.86
10/02/2012,27.3,15.82
13/02/2012,27.32,15.92
14/02/2012,27.24,15.84
15/02/2012,27.31,15.84
16/02/2012,27.33,15.88
17/02/2012,27.33,15.95
22/02/2012,27.36,16.04
23/02/2012,27.28,15.95
24/02/2012,27.21,15.95
27/02/2012,27.07,15.85
28/02/2012,26.54,15.59
29/02/2012,26.49,15.44
01/03/2012,26.63,15.55
02/03/2012,26.58,15.34
05/03/2012,26.53,15.28
06/03/2012,25.85,14.69
07/03/2012,26.02,14.72
08/03/2012,25.89,14.63
09/03/2012,25.84,14.48
12/03/2012,25.78,14.28
13/03/2012,25.52,14.18
14/03/2012,25.56,14.13
15/03/2012,25.59,14.18
16/03/2012,25.58,14.2
19/03/2012,25.58,14.18
20/03/2012,25.65,14.09
21/03/2012,25.67,14.11
22/03/2012,25.77,14.13
23/03/2012,25.87,14.29
26/03/2012,25.84,14.24
27/03/2012,25.97,14.33
28/03/2012,25.98,14.21
29/03/2012,26.05,14.27
30/03/2012,26.17,14.32
02/04/2012,26.2,14.29
03/04/2012,26.39,14.4
04/04/2012,26.47,14.49
05/04/2012,26.47,14.5
09/04/2012,26.47,14.54
10/04/2012,26.66,14.56
11/04/2012,26.64,14.52
12/04/2012,26.77,14.65
13/04/2012,26.73,14.54
16/04/2012,26.81,14.56
17/04/2012,27.2,14.67
18/04/2012,27.22,14.5
19/04/2012,27.23,14.44
20/04/2012,27.35,14.6
23/04/2012,27.35,14.54
24/04/2012,27.64,14.68
25/04/2012,27.65,14.68
26/04/2012,27.7,14.7
27/04/2012,27.68,14.68
30/04/2012,27.71,14.54
02/05/2012,27.8,14.47
03/05/2012,27.83,14.53
04/05/2012,27.89,14.53
07/05/2012,27.9,14.52
08/05/2012,28.02,14.46
09/05/2012,27.93,14.24
10/05/2012,28.07,14.42
11/05/2012,28.08,14.39
14/05/2012,28.1,14.14
15/05/2012,28.02,14.01
16/05/2012,28.1,14.05
17/05/2012,28.2,14.11
18/05/2012,28.19,13.95
21/05/2012,28.19,13.81
22/05/2012,28.28,13.59
23/05/2012,28.26,13.83
24/05/2012,28.38,13.94
25/05/2012,28.36,14.19
28/05/2012,28.38,14.32
29/05/2012,28.35,14.27
30/05/2012,28.41,14.09
31/05/2012,28.53,14.15
01/06/2012,28.55,13.95
04/06/2012,28.46,13.87
05/06/2012,28.57,14.14
06/06/2012,28.55,14.07
08/06/2012,28.58,14.11
11/06/2012,28.52,13.91
12/06/2012,28.5,13.82
13/06/2012,28.56,13.79
14/06/2012,28.64,13.92
15/06/2012,28.73,14.08
18/06/2012,28.65,13.92
19/06/2012,28.89,14.23
20/06/2012,28.87,14.18
21/06/2012,28.84,14.05
22/06/2012,28.89,13.99
25/06/2012,28.87,13.97
26/06/2012,28.83,13.9
27/06/2012,28.72,13.79
28/06/2012,28.83,13.84
29/06/2012,28.85,14.35
02/07/2012,28.87,14.51
03/07/2012,28.94,14.36
04/07/2012,28.94,14.25
05/07/2012,29.05,14.33
06/07/2012,29.02,14.29
09/07/2012,29.03,14.29
10/07/2012,29.1,14.27
11/07/2012,29.16,14.32
12/07/2012,29.19,14.33
13/07/2012,29.26,14.37
16/07/2012,29.27,14.37
17/07/2012,29.16,14.38
18/07/2012,29.25,14.45
19/07/2012,29.42,14.59
20/07/2012,29.4,14.52
23/07/2012,29.43,14.43
24/07/2012,29.93,14.63
25/07/2012,29.98,14.72
26/07/2012,30.18,14.92
27/07/2012,30.27,14.95
30/07/2012,30.25,14.83
31/07/2012,30.65,14.97
01/08/2012,30.65,15
02/08/2012,30.76,15
03/08/2012,30.73,15.15
06/08/2012,30.81,15.19
07/08/2012,31.34,15.45
08/08/2012,31.28,15.47
09/08/2012,31.65,15.69
10/08/2012,31.88,15.82
13/08/2012,31.92,15.79
14/08/2012,32.79,16.17
15/08/2012,32.92,16.28
16/08/2012,33.02,16.35
17/08/2012,33.21,16.48
20/08/2012,33.19,16.45
21/08/2012,34.2,16.95
22/08/2012,34.37,17.02
23/08/2012,34.52,17.05
24/08/2012,34.94,17.26
27/08/2012,34.93,17.19
28/08/2012,35.01,17.14
29/08/2012,35.11,17.14
30/08/2012,35.45,17.32
31/08/2012,35.5,17.49
03/09/2012,35.49,17.47
04/09/2012,36.15,17.71
05/09/2012,36.29,17.8
06/09/2012,36.54,18
10/09/2012,36.68,18.12
11/09/2012,37.41,18.53
12/09/2012,37.56,18.52
13/09/2012,37.98,18.79
14/09/2012,38.09,18.92
17/09/2012,38.13,18.79
18/09/2012,38.55,19.07
19/09/2012,38.65,19.1
20/09/2012,38.65,19.1
21/09/2012,38.82,19.18
24/09/2012,38.82,19.16
25/09/2012,38.98,19.21
26/09/2012,39.25,19.29
27/09/2012,39.34,19.37
28/09/2012,39.36,19.4
01/10/2012,39.37,19.42
02/10/2012,39.39,19.43
03/10/2012,39.32,19.45
04/10/2012,39.27,19.45
05/10/2012,39.3,19.36
08/10/2012,39.36,19.4
09/10/2012,39.2,19.25
10/10/2012,39.12,19.18
11/10/2012,39.03,19.14
15/10/2012,38.92,19.14
16/10/2012,38.62,18.97
17/10/2012,38.66,19.04
18/10/2012,38.73,19.1
19/10/2012,38.77,19.12
22/10/2012,38.79,19.17
23/10/2012,38.61,19.05
24/10/2012,38.59,19.04
25/10/2012,38.72,19.11
26/10/2012,38.73,19.11
29/10/2012,38.75,19.06
30/10/2012,38.83,19.12
31/10/2012,38.81,19.12
01/11/2012,38.88,19.13
05/11/2012,38.91,19.12
06/11/2012,38.67,19.01
07/11/2012,38.69,19.01
08/11/2012,38.61,18.91
09/11/2012,38.61,18.85
12/11/2012,38.63,18.83
13/11/2012,38.7,18.66
14/11/2012,38.68,18.71
16/11/2012,38.49,18.51
19/11/2012,38.49,18.51
20/11/2012,38.32,18.38
21/11/2012,38.28,18.28
22/11/2012,38.26,18.25
23/11/2012,38.1,18.29
26/11/2012,38.12,18.31
27/11/2012,37.38,17.96
28/11/2012,37.35,17.89
29/11/2012,37.57,17.91
30/11/2012,37.56,17.66
03/12/2012,37.59,17.74
04/12/2012,37.29,17.61
05/12/2012,37.21,17.73
06/12/2012,37.04,17.82
07/12/2012,37.08,17.77
10/12/2012,37.09,17.85
11/12/2012,36.28,17.44
12/12/2012,36.18,17.44
13/12/2012,36.44,17.5
14/12/2012,36.51,17.48
17/12/2012,36.46,17.4
18/12/2012,35.77,17.12
19/12/2012,35.74,17.26
20/12/2012,35.7,17.31
21/12/2012,35.72,17.23
26/12/2012,35.73,17.39
27/12/2012,35.24,17.24
28/12/2012,35.26,17.24
02/01/2013,35.26,17.24
03/01/2013,35.02,17.2
04/01/2013,35.03,17.19
07/01/2013,34.91,17.19
08/01/2013,34.43,16.88
09/01/2013,34.46,16.91
10/01/2013,34.39,16.94
11/01/2013,34.38,16.89
14/01/2013,34.37,16.92
15/01/2013,34.14,16.77
16/01/2013,34.3,16.78
17/01/2013,34.39,16.83
18/01/2013,34.37,16.81
21/01/2013,34.25,16.77
22/01/2013,34.48,16.87
23/01/2013,34.53,16.94
24/01/2013,34.48,16.97
25/01/2013,34.46,16.97
28/01/2013,34.44,17.2
29/01/2013,34.27,17.26
30/01/2013,34.34,17.26
31/01/2013,34.37,17.3
01/02/2013,34.34,17.28
04/02/2013,34.31,17.22
05/02/2013,34.49,17.37
06/02/2013,34.36,17.27
07/02/2013,34.47,17.48
08/02/2013,34.47,17.48
13/02/2013,34.34,17.47
14/02/2013,33.99,17.35
15/02/2013,33.84,17.2
18/02/2013,33.83,17.23
19/02/2013,33.43,17.1
20/02/2013,33.5,17.06
21/02/2013,33.64,17.03
22/02/2013,33.56,17.02
25/02/2013,33.56,16.98
26/02/2013,32.57,16.42
27/02/2013,32.83,16.64
28/02/2013,32.74,16.57
01/03/2013,32.65,16.47
04/03/2013,32.47,16.42
05/03/2013,32.17,16.36
06/03/2013,32.21,16.36
07/03/2013,32.2,16.42
08/03/2013,32.24,16.54
11/03/2013,32.14,16.41
12/03/2013,31.65,16.13
13/03/2013,31.77,16.11
14/03/2013,31.73,16.05
15/03/2013,31.79,16.03
18/03/2013,31.84,16.01
19/03/2013,31.58,15.89
20/03/2013,31.41,15.77
21/03/2013,31.44,15.67
22/03/2013,31.47,15.62
25/03/2013,31.46,15.63
26/03/2013,30.61,15.18
27/03/2013,30.65,15.26
28/03/2013,30.8,15.23
01/04/2013,30.79,15.24
02/04/2013,30.75,15.21
03/04/2013,30.73,15.18
04/04/2013,30.69,15.23
05/04/2013,30.8,15.49
08/04/2013,30.85,15.5
09/04/2013,30.9,15.57
10/04/2013,30.96,15.65
11/04/2013,31.1,15.73
12/04/2013,31.11,15.79
15/04/2013,31.12,15.6
16/04/2013,31.04,15.57
17/04/2013,31.22,15.61
18/04/2013,31.41,15.56
19/04/2013,31.49,15.67
22/04/2013,31.53,15.61
23/04/2013,31.76,15.7
24/04/2013,31.82,15.77
25/04/2013,31.96,15.91
26/04/2013,32.02,16.02
29/04/2013,32.08,15.99
30/04/2013,32.42,16.2
02/05/2013,32.53,16.18
03/05/2013,32.62,16.21
06/05/2013,32.64,16.2
07/05/2013,33.04,16.47
08/05/2013,33.16,16.54
09/05/2013,33.19,16.49
10/05/2013,33.35,16.45
13/05/2013,33.36,16.6
14/05/2013,33.51,16.62
15/05/2013,33.54,16.56
16/05/2013,33.73,16.62
17/05/2013,33.78,16.57
20/05/2013,33.74,16.55
21/05/2013,33.48,16.43
22/05/2013,33.65,16.41
23/05/2013,33.67,16.46
24/05/2013,33.76,16.47
27/05/2013,33.76,16.42
28/05/2013,33.47,16.14
29/05/2013,33.57,15.91
31/05/2013,33.53,15.62
03/06/2013,33.47,15.73
04/06/2013,33.47,15.66
05/06/2013,33.53,15.73
06/06/2013,33.75,15.91
07/06/2013,33.68,15.77
10/06/2013,33.78,15.73
11/06/2013,33.91,15.87
12/06/2013,33.86,15.74
13/06/2013,33.93,15.84
14/06/2013,33.9,15.81
17/06/2013,33.91,15.61
18/06/2013,33.8,15.53
19/06/2013,33.88,15.37
20/06/2013,33.93,15.02
21/06/2013,33.97,15.14
24/06/2013,33.99,15.26
25/06/2013,33.93,15.35
26/06/2013,33.99,15.52
27/06/2013,34.03,15.5
28/06/2013,34.06,15.27
01/07/2013,34.06,15.28
02/07/2013,34.1,15.16
03/07/2013,34.07,15.01
04/07/2013,34.14,15.11
05/07/2013,34.19,15.12
08/07/2013,34.19,15.14
09/07/2013,34.31,15.15
10/07/2013,34.31,15.12
11/07/2013,34.37,15.22
12/07/2013,34.47,15.2
15/07/2013,34.45,15.46
16/07/2013,34.54,15.31
17/07/2013,34.63,15.52
18/07/2013,34.64,15.55
19/07/2013,34.7,15.5
22/07/2013,34.77,15.55
23/07/2013,34.58,15.55
24/07/2013,34.65,15.4
25/07/2013,34.67,15.45
26/07/2013,34.67,15.38
29/07/2013,34.71,15.3
30/07/2013,34.55,15.15
31/07/2013,34.72,15.24
01/08/2013,34.81,15.12
02/08/2013,34.85,15.29
05/08/2013,34.85,15.15
06/08/2013,34.59,15.05
07/08/2013,34.53,14.95
08/08/2013,34.55,15.13
09/08/2013,34.44,15.16
12/08/2013,34.36,15.03
13/08/2013,34.51,14.94
14/08/2013,34.51,14.86
15/08/2013,34.56,14.75
16/08/2013,34.57,14.45
19/08/2013,34.56,14.32
20/08/2013,34.55,14.43
21/08/2013,34.59,14.2
22/08/2013,34.74,14.25
23/08/2013,34.72,14.74
26/08/2013,34.72,14.54
27/08/2013,34.76,14.66
28/08/2013,34.76,14.83
29/08/2013,34.74,14.61
30/08/2013,34.76,14.59
02/09/2013,34.8,14.65
03/09/2013,34.65,14.68
04/09/2013,34.57,14.67
05/09/2013,34.48,14.84
06/09/2013,34.55,14.97
09/09/2013,34.58,15.19
10/09/2013,34.07,14.9
11/09/2013,34.27,15.08
12/09/2013,34.25,15.07
13/09/2013,34.3,15.04
16/09/2013,34.26,15.05
17/09/2013,33.95,15.03
18/09/2013,33.97,15.5
19/09/2013,34.04,15.46
20/09/2013,34.04,15.46
23/09/2013,33.99,15.45
24/09/2013,33.93,15.45
25/09/2013,33.96,15.25
26/09/2013,33.89,15.09
27/09/2013,33.93,15.02
30/09/2013,33.94,15.31
01/10/2013,34,15.29
02/10/2013,33.97,15.46
03/10/2013,33.92,15.41
04/10/2013,33.98,15.37
07/10/2013,33.96,15.39
08/10/2013,33.88,15.36
09/10/2013,33.86,15.35
10/10/2013,33.79,15.51
11/10/2013,33.78,15.51
14/10/2013,33.78,15.53
15/10/2013,33.63,15.4
16/10/2013,33.67,15.47
17/10/2013,33.61,15.55
18/10/2013,33.61,15.46
21/10/2013,33.6,15.43
22/10/2013,33.62,15.47
23/10/2013,33.64,15.37
24/10/2013,33.65,15.27
25/10/2013,33.66,15.38
28/10/2013,33.66,15.42
29/10/2013,33.5,15.36
30/10/2013,33.48,15.24
31/10/2013,33.56,15.04
01/11/2013,33.59,14.9
04/11/2013,33.6,14.96
05/11/2013,33.59,14.66
06/11/2013,33.6,14.73
07/11/2013,33.57,14.56
08/11/2013,33.63,14.53
11/11/2013,33.65,14.41
12/11/2013,33.74,14.46
13/11/2013,33.84,14.5
14/11/2013,33.93,14.63
18/11/2013,33.92,14.96
19/11/2013,34.18,15.02
20/11/2013,34.29,15.05
21/11/2013,34.46,14.94
22/11/2013,34.52,15.11
25/11/2013,34.53,15.12
26/11/2013,34.73,15.13
27/11/2013,34.89,15.05
28/11/2013,35,15.09
29/11/2013,35.02,14.99
02/12/2013,35.09,14.88
03/12/2013,35.49,14.93
04/12/2013,35.4,14.82
05/12/2013,35.58,15.06
06/12/2013,35.51,15.23
09/12/2013,35.55,15.32
10/12/2013,35.65,15.45
11/12/2013,35.73,15.25
12/12/2013,35.98,15.36
13/12/2013,36.21,15.51
16/12/2013,36.22,15.55
17/12/2013,36.44,15.7
18/12/2013,36.38,15.53
19/12/2013,36.49,15.53
20/12/2013,36.53,15.34
23/12/2013,36.55,15.48
26/12/2013,36.5,15.46
27/12/2013,36.43,15.55
30/12/2013,36.45,15.47
02/01/2014,36.43,15.24
03/01/2014,36.47,15.35
06/01/2014,36.53,15.37
07/01/2014,36.7,15.45
08/01/2014,36.58,15.31
09/01/2014,36.68,15.3
10/01/2014,36.58,15.47
13/01/2014,36.59,15.54
14/01/2014,36.61,15.54
15/01/2014,36.61,15.54
16/01/2014,36.64,15.51
17/01/2014,36.67,15.61
20/01/2014,36.66,15.67
21/01/2014,36.59,15.49
22/01/2014,36.7,15.49
23/01/2014,36.82,15.34
24/01/2014,36.9,15.39
27/01/2014,36.8,15.2
28/01/2014,36.36,14.98
29/01/2014,36.49,14.98
30/01/2014,36.48,15.1
31/01/2014,36.53,15.11
03/02/2014,36.54,15.01
04/02/2014,36.62,15.18
05/02/2014,36.6,15.25
06/02/2014,36.48,15.31
07/02/2014,36.43,15.31
10/02/2014,36.4,15.12
11/02/2014,36.11,15.03
12/02/2014,36.07,14.89
13/02/2014,35.81,14.88
14/02/2014,35.77,15.01
17/02/2014,35.77,14.99
18/02/2014,35.35,14.77
19/02/2014,35.46,14.82
20/02/2014,35.27,14.86
21/02/2014,35.25,14.96
24/02/2014,35.28,15.05
25/02/2014,34.49,14.75
26/02/2014,34.46,14.64
27/02/2014,34.44,14.83
28/02/2014,34.42,14.7
05/03/2014,34.4,14.84
06/03/2014,34.11,14.71
07/03/2014,34.04,14.49
10/03/2014,34.04,14.47
11/03/2014,33.69,14.26
12/03/2014,33.68,14.27
13/03/2014,33.54,14.18
14/03/2014,33.66,14.32
17/03/2014,33.69,14.34
18/03/2014,33.62,14.36
19/03/2014,33.66,14.31
20/03/2014,33.77,14.49
21/03/2014,33.76,14.53
24/03/2014,33.75,14.54
25/03/2014,33.74,14.63
26/03/2014,33.78,14.62
27/03/2014,33.84,14.93
28/03/2014,33.98,15.02
31/03/2014,33.98,14.99
01/04/2014,34.01,15.01
02/04/2014,34.11,15.01
03/04/2014,34.31,15.03
04/04/2014,34.26,15.27
07/04/2014,34.27,15.46
08/04/2014,34.68,15.73
09/04/2014,34.77,15.82
10/04/2014,34.75,15.79
11/04/2014,34.87,15.71
14/04/2014,34.89,15.74
15/04/2014,35.12,15.7
16/04/2014,35.23,15.72
17/04/2014,35.3,15.76
22/04/2014,35.33,15.76
23/04/2014,35.59,16.01
24/04/2014,35.66,16.08
25/04/2014,35.69,15.92
28/04/2014,35.67,16.02
29/04/2014,35.99,16.12
30/04/2014,35.92,16.08
02/05/2014,35.97,16.19
05/05/2014,35.98,16.01
06/05/2014,36.07,16.2
07/05/2014,36.12,16.27
08/05/2014,36.1,16.33
09/05/2014,36.15,16.31
12/05/2014,36.11,16.27
13/05/2014,36.26,16.37
14/05/2014,36.16,16.38
15/05/2014,36.46,16.41
16/05/2014,36.45,16.47
19/05/2014,36.33,16.45
20/05/2014,36.45,16.44
21/05/2014,36.51,16.53
22/05/2014,36.54,16.49
23/05/2014,36.58,16.45
26/05/2014,36.6,16.46
27/05/2014,36.68,16.37
28/05/2014,36.72,16.44
29/05/2014,36.72,16.51
30/05/2014,36.78,16.42
02/06/2014,36.83,16.21
03/06/2014,36.8,16.15
04/06/2014,36.81,16.12
05/06/2014,36.65,16.19
06/06/2014,36.68,16.32
09/06/2014,36.74,16.48
10/06/2014,36.67,16.47
11/06/2014,36.65,16.39
12/06/2014,36.63,16.4
13/06/2014,36.51,16.37
16/06/2014,36.49,16.32
17/06/2014,36.54,16.2
18/06/2014,36.48,16.36
20/06/2014,36.44,16.33
23/06/2014,36.49,16.45
24/06/2014,36.53,16.41
25/06/2014,36.62,16.6
26/06/2014,36.57,16.64
27/06/2014,36.53,16.62
30/06/2014,36.47,16.49
01/07/2014,36.23,16.43
02/07/2014,36.21,16.28
03/07/2014,36.12,16.32
04/07/2014,36.11,16.3
07/07/2014,36.11,16.23
08/07/2014,36.23,16.37
09/07/2014,36.17,16.32
10/07/2014,36.12,16.26
11/07/2014,36.12,16.26
14/07/2014,36.03,16.28
15/07/2014,35.82,16.12
16/07/2014,35.77,16.1
17/07/2014,35.84,15.93
18/07/2014,35.88,16.09
21/07/2014,35.9,16.15
22/07/2014,35.88,16.23
23/07/2014,35.74,16.1
24/07/2014,35.77,16.11
25/07/2014,35.81,16.07
28/07/2014,35.76,16.09
29/07/2014,35.82,16.06
30/07/2014,35.79,15.92
31/07/2014,35.83,15.78
01/08/2014,35.88,15.87
04/08/2014,35.86,15.87
05/08/2014,35.94,15.73
06/08/2014,35.99,15.83
07/08/2014,35.91,15.63
08/08/2014,35.97,15.74
11/08/2014,36,15.83
12/08/2014,36.09,15.84
13/08/2014,36.05,15.8
14/08/2014,36.1,15.9
15/08/2014,36.09,15.94
18/08/2014,36.16,16.01
19/08/2014,36.28,16.12
20/08/2014,36.37,16.09
21/08/2014,36.41,16.07
22/08/2014,36.48,16
25/08/2014,36.49,15.96
26/08/2014,36.48,16.1
27/08/2014,36.59,16.24
28/08/2014,36.7,16.36
29/08/2014,36.72,16.38
01/09/2014,36.74,16.39
02/09/2014,36.83,16.41
03/09/2014,36.89,16.51
04/09/2014,36.81,16.4
05/09/2014,36.86,16.43
08/09/2014,36.89,16.28
09/09/2014,36.83,16.1
10/09/2014,36.89,16.11
11/09/2014,36.9,16.1
12/09/2014,36.89,15.78
15/09/2014,36.89,15.75
16/09/2014,36.85,15.82
17/09/2014,36.75,15.61
18/09/2014,36.72,15.53
19/09/2014,36.9,15.52
22/09/2014,36.86,15.39
23/09/2014,36.76,15.27
24/09/2014,36.72,15.4
25/09/2014,36.64,15.08
26/09/2014,36.67,15.19
29/09/2014,36.69,14.97
30/09/2014,36.65,14.96
01/10/2014,36.69,14.77
02/10/2014,36.68,14.74
03/10/2014,36.72,14.85
06/10/2014,36.74,15.12
07/10/2014,36.75,15.28
08/10/2014,36.54,15.35
09/10/2014,36.6,15.33
10/10/2014,36.72,15.19
13/10/2014,36.72,15.37
14/10/2014,36.79,15.32
15/10/2014,36.76,15.08
16/10/2014,36.7,14.86
17/10/2014,36.66,15.05
20/10/2014,36.7,14.91
21/10/2014,36.89,14.91
22/10/2014,36.78,14.78
23/10/2014,36.85,14.69
24/10/2014,36.76,14.93
27/10/2014,36.79,14.56
28/10/2014,36.7,14.85
29/10/2014,36.77,14.92
30/10/2014,36.82,15.26
31/10/2014,36.86,14.91
03/11/2014,36.87,14.73
04/11/2014,36.9,14.71
05/11/2014,37.03,14.73
06/11/2014,36.94,14.49
07/11/2014,36.91,14.39
10/11/2014,36.94,14.46
11/11/2014,37.07,14.46
12/11/2014,37.16,14.52
13/11/2014,37.15,14.31
14/11/2014,37.19,14.34
17/11/2014,37.25,14.32
18/11/2014,37.43,14.46
19/11/2014,37.49,14.53
20/11/2014,37.57,14.61
21/11/2014,37.52,14.92
24/11/2014,37.52,14.71
25/11/2014,37.68,14.84
26/11/2014,37.73,15.06
27/11/2014,37.78,15
28/11/2014,37.84,14.74
01/12/2014,37.82,14.82
02/12/2014,37.89,14.72
03/12/2014,37.96,14.86
04/12/2014,37.99,14.69
05/12/2014,37.92,14.61
08/12/2014,37.95,14.53
09/12/2014,37.99,14.64
10/12/2014,37.92,14.52
11/12/2014,38.05,14.35
12/12/2014,37.95,14.27
15/12/2014,37.91,14.11
16/12/2014,37.88,13.82
17/12/2014,37.87,14.01
18/12/2014,38.1,14.36
19/12/2014,38.13,14.36
22/12/2014,38.02,14.28
23/12/2014,38.11,14.08
26/12/2014,38.11,14.24
29/12/2014,38.11,14.09
30/12/2014,38.04,14.33
02/01/2015,38.04,14.13
05/01/2015,37.93,13.97
06/01/2015,38.05,14.1
07/01/2015,37.98,14.03
08/01/2015,38,14.24
09/01/2015,38.05,14.42
12/01/2015,38.08,14.27
13/01/2015,38.01,14.44
14/01/2015,37.99,14.5
15/01/2015,38.17,14.49
16/01/2015,37.97,14.49
19/01/2015,37.56,14.17
20/01/2015,38.4,14.68
21/01/2015,38.32,14.71
22/01/2015,38.38,14.9
23/01/2015,38.47,14.9
26/01/2015,38.42,14.85
27/01/2015,38.37,14.93
28/01/2015,38.35,14.89
29/01/2015,38.38,14.72
30/01/2015,38.44,14.32
02/02/2015,38.43,14.17
03/02/2015,38.24,14.19
04/02/2015,38.27,13.93
05/02/2015,38.21,13.94
06/02/2015,38.13,13.76
09/02/2015,38.07,13.7
10/02/2015,38,13.42
11/02/2015,37.85,13.19
12/02/2015,37.59,13.28
13/02/2015,37.49,13.22
18/02/2015,37.25,13.1
19/02/2015,36.83,12.85
20/02/2015,36.8,12.81
23/02/2015,36.78,12.8
24/02/2015,36.53,12.89
25/02/2015,36.41,12.69
26/02/2015,36.34,12.63
27/02/2015,36.15,12.66
02/03/2015,36.13,12.49
03/03/2015,35.81,12.27
04/03/2015,36.11,12.12
05/03/2015,36.01,11.97
06/03/2015,35.96,11.79
09/03/2015,36.02,11.53
10/03/2015,35.72,11.49
11/03/2015,35.79,11.45
12/03/2015,35.9,11.38
13/03/2015,35.75,10.97
16/03/2015,35.75,11.01
17/03/2015,35.69,10.99
18/03/2015,35.8,11.13
19/03/2015,35.77,10.86
20/03/2015,35.76,11.05
23/03/2015,35.67,11.32
24/03/2015,35.57,11.38
25/03/2015,35.6,11.13
26/03/2015,35.65,11.18
27/03/2015,35.57,10.99
30/03/2015,35.61,11.06
31/03/2015,35.87,11.21
01/04/2015,35.82,11.29
02/04/2015,35.9,11.48
06/04/2015,36.01,11.52
07/04/2015,35.86,11.48
08/04/2015,35.85,11.74
09/04/2015,35.8,11.67
10/04/2015,35.83,11.61
13/04/2015,35.84,11.49
14/04/2015,35.72,11.67
15/04/2015,35.7,11.74
16/04/2015,35.83,11.9
17/04/2015,35.79,11.76
20/04/2015,35.72,11.81
22/04/2015,35.97,11.94
23/04/2015,35.59,11.95
24/04/2015,35.7,12.07
27/04/2015,35.78,12.26
28/04/2015,35.65,12.13
29/04/2015,35.63,12.06
30/04/2015,35.66,11.85
04/05/2015,35.58,11.53
05/05/2015,35.36,11.51
06/05/2015,35.34,11.61
07/05/2015,35.32,11.68
08/05/2015,35.27,11.83
11/05/2015,35.36,11.6
12/05/2015,35.13,11.62
13/05/2015,35,11.52
14/05/2015,34.91,11.65
15/05/2015,35.18,11.74
18/05/2015,35.04,11.61
19/05/2015,34.82,11.46
20/05/2015,34.71,11.55
21/05/2015,34.79,11.44
22/05/2015,35,11.33
25/05/2015,34.86,11.25
26/05/2015,34.12,10.82
27/05/2015,34.09,10.84
28/05/2015,34.2,10.82
29/05/2015,34.18,10.73
01/06/2015,34.25,10.78
02/06/2015,33.28,10.62
03/06/2015,33.06,10.55
05/06/2015,33.19,10.54
08/06/2015,33.18,10.66
09/06/2015,33.68,10.87
10/06/2015,33.59,10.78
11/06/2015,33.67,10.85
12/06/2015,33.71,10.82
15/06/2015,33.71,10.77
16/06/2015,33.67,10.89
17/06/2015,33.53,10.96
18/06/2015,33.59,11
19/06/2015,33.62,10.84
22/06/2015,33.69,10.94
23/06/2015,33.71,10.93
24/06/2015,33.61,10.86
25/06/2015,33.61,10.77
26/06/2015,33.6,10.74
29/06/2015,33.57,10.78
30/06/2015,33.67,10.83
01/07/2015,33.6,10.69
02/07/2015,33.62,10.85
03/07/2015,33.68,10.74
06/07/2015,33.76,10.72
07/07/2015,33.96,10.67
08/07/2015,33.78,10.47
09/07/2015,33.68,10.4
10/07/2015,33.78,10.67
13/07/2015,33.76,10.78
14/07/2015,33.58,10.7
15/07/2015,33.46,10.68
16/07/2015,33.62,10.66
17/07/2015,33.63,10.54
20/07/2015,33.6,10.5
21/07/2015,33.67,10.63
22/07/2015,33.6,10.41
23/07/2015,33.57,10.2
24/07/2015,33.62,10.04
27/07/2015,33.71,10.03
28/07/2015,33.5,9.94
29/07/2015,33.81,10.15
30/07/2015,33.92,10.04
31/07/2015,33.89,9.92
03/08/2015,33.9,9.82
04/08/2015,33.83,9.78
05/08/2015,33.84,9.7
06/08/2015,33.99,9.61
07/08/2015,34.16,9.73
10/08/2015,34.07,9.88
11/08/2015,34.11,9.75
12/08/2015,34.14,9.83
13/08/2015,34.34,9.79
14/08/2015,34.42,9.93
17/08/2015,34.36,9.86
18/08/2015,34.68,10
19/08/2015,34.92,10.03
20/08/2015,35.04,10.15
21/08/2015,35,10.02
24/08/2015,34.98,9.83
25/08/2015,35.39,9.85
26/08/2015,35.67,9.9
27/08/2015,35.66,10.01
28/08/2015,35.73,9.97
31/08/2015,35.82,9.86
01/09/2015,36.01,9.76
02/09/2015,36.09,9.62
03/09/2015,36.15,9.63
04/09/2015,36.13,9.38
08/09/2015,36.22,9.49
09/09/2015,36.79,9.69
10/09/2015,36.82,9.53
11/09/2015,37,9.54
14/09/2015,37.02,9.69
15/09/2015,37.7,9.78
16/09/2015,37.79,9.86
17/09/2015,37.88,9.81
18/09/2015,38.06,9.63
21/09/2015,38.09,9.58
22/09/2015,38.65,9.54
23/09/2015,38.86,9.4
24/09/2015,38.94,9.63
25/09/2015,39.1,9.85
28/09/2015,39.38,9.65
29/09/2015,39.57,9.74
30/09/2015,39.91,10.04
01/10/2015,40.09,10.05
02/10/2015,39.91,10.12
05/10/2015,39.94,10.24
06/10/2015,40.23,10.47
07/10/2015,40.35,10.41
08/10/2015,40.31,10.58
09/10/2015,40.32,10.75
13/10/2015,40.26,10.4
14/10/2015,40.34,10.56
15/10/2015,40.58,10.68
16/10/2015,40.38,10.51
19/10/2015,40.52,10.42
20/10/2015,40.75,10.43
21/10/2015,40.86,10.36
22/10/2015,40.87,10.41
23/10/2015,40.64,10.46
26/10/2015,40.61,10.52
27/10/2015,40.75,10.45
28/10/2015,40.85,10.41
29/10/2015,40.99,10.63
30/10/2015,40.8,10.56
03/11/2015,40.66,10.8
04/11/2015,40.95,10.78
05/11/2015,41.29,10.93
06/11/2015,40.98,10.84
09/11/2015,40.83,10.74
10/11/2015,40.98,10.81
11/11/2015,41.02,10.88
12/11/2015,40.98,10.89
13/11/2015,41.18,10.75
16/11/2015,41.27,10.82
17/11/2015,41.22,10.79
18/11/2015,41.3,10.94
19/11/2015,41.26,11.03
20/11/2015,41.19,11.14
23/11/2015,41.28,11.06
24/11/2015,41.43,11.21
25/11/2015,41.38,11.03
26/11/2015,41.5,11.07
27/11/2015,41.44,10.89
30/11/2015,41.42,10.66
01/12/2015,41.43,10.73
02/12/2015,41.35,10.75
03/12/2015,41.11,10.96
04/12/2015,41.11,11.02
07/12/2015,41.11,10.92
08/12/2015,40.97,10.75
09/12/2015,41.05,10.97
10/12/2015,40.92,10.75
11/12/2015,40.93,10.59
14/12/2015,40.86,10.51
15/12/2015,40.95,10.55
16/12/2015,40.88,10.42
17/12/2015,41.01,10.54
18/12/2015,40.95,10.37
21/12/2015,40.86,10.18
22/12/2015,40.93,10.25
23/12/2015,40.96,10.36
28/12/2015,40.91,10.58
29/12/2015,40.84,10.53
30/12/2015,41,10.35
04/01/2016,41.04,10.14
05/01/2016,40.98,10.27
06/01/2016,40.9,10.18
07/01/2016,40.87,10.11
08/01/2016,40.87,10.13
11/01/2016,40.86,10.09
12/01/2016,41.16,10.19
13/01/2016,41.42,10.35
14/01/2016,41.34,10.35
15/01/2016,41.43,10.23
18/01/2016,41.48,10.29
19/01/2016,41.47,10.24
20/01/2016,41.86,10.17
21/01/2016,41.99,10.11
22/01/2016,42.04,10.24
25/01/2016,41.94,10.22
26/01/2016,41.93,10.32
27/01/2016,42.07,10.3
28/01/2016,42.39,10.41
29/01/2016,42.36,10.52
01/02/2016,42.23,10.64
02/02/2016,42.06,10.56
03/02/2016,42.27,10.78
04/02/2016,42.13,10.83
05/02/2016,41.95,10.72
10/02/2016,42.08,10.69
11/02/2016,41.91,10.54
12/02/2016,42.02,10.52
15/02/2016,42.09,10.54
16/02/2016,41.85,10.3
17/02/2016,42.06,10.58
18/02/2016,41.91,10.38
19/02/2016,41.91,10.38
22/02/2016,42.02,10.66
23/02/2016,41.68,10.53
24/02/2016,41.68,10.54
25/02/2016,41.7,10.58
26/02/2016,41.66,10.43
29/02/2016,41.56,10.4
01/03/2016,41.3,10.47
02/03/2016,41.23,10.59
03/03/2016,41.05,10.76
04/03/2016,41.18,10.93
07/03/2016,41.05,10.84
08/03/2016,40.79,10.87
09/03/2016,40.71,11
10/03/2016,40.47,11.11
11/03/2016,40.46,11.23
14/03/2016,40.38,11.08
15/03/2016,39.99,10.65
16/03/2016,40.19,10.72
17/03/2016,40.2,11.03
18/03/2016,40.14,11.2
21/03/2016,40.01,11.08
22/03/2016,39.6,11.03
23/03/2016,39.91,10.86
24/03/2016,39.81,10.79
28/03/2016,39.66,10.93
29/03/2016,39.54,10.88
30/03/2016,39.65,10.95
31/03/2016,39.6,10.99
01/04/2016,39.6,11.1
04/04/2016,39.54,10.98
05/04/2016,39.49,10.76
06/04/2016,39.51,10.83
07/04/2016,39.63,10.74
08/04/2016,39.6,10.99
11/04/2016,39.7,11.36
12/04/2016,39.59,11.27
13/04/2016,39.64,11.36
14/04/2016,39.82,11.44
15/04/2016,39.7,11.3
18/04/2016,39.69,11.01
19/04/2016,39.55,11.19
20/04/2016,39.84,11.29
22/04/2016,39.94,11.18
25/04/2016,39.91,11.24
26/04/2016,39.91,11.33
27/04/2016,40.21,11.42
28/04/2016,40.52,11.59
29/04/2016,40.55,11.79
02/05/2016,40.55,11.62
03/05/2016,40.68,11.41
04/05/2016,40.76,11.53
05/05/2016,41.06,11.58
06/05/2016,41.19,11.78
09/05/2016,41.01,11.63
10/05/2016,40.97,11.81
11/05/2016,41.27,11.97
12/05/2016,41.46,11.95
13/05/2016,41.44,11.77
16/05/2016,41.33,11.82
17/05/2016,41.72,11.96
18/05/2016,41.91,11.77
19/05/2016,42.15,11.81
20/05/2016,42.2,11.92
23/05/2016,42.16,11.77
24/05/2016,42.88,11.97
25/05/2016,43.13,11.99
27/05/2016,42.84,11.88
30/05/2016,42.87,11.99
31/05/2016,43.65,12.07
01/06/2016,43.77,12.18
02/06/2016,44.12,12.31
03/06/2016,44.16,12.52
06/06/2016,43.84,12.55
07/06/2016,44.85,13
08/06/2016,45.18,13.4
09/06/2016,45.27,13.33
10/06/2016,45.26,13.2
13/06/2016,45.09,12.96
14/06/2016,45.85,13.14
15/06/2016,46.04,13.29
16/06/2016,46.42,13.38
17/06/2016,46.74,13.66
20/06/2016,46.55,13.7
21/06/2016,47.07,13.84
22/06/2016,47.55,14.08
23/06/2016,48.76,14.56
24/06/2016,48.79,14.46
27/06/2016,48.73,14.35
28/06/2016,49.08,14.86
29/06/2016,49.56,15.31
30/06/2016,50.03,15.57
01/07/2016,49.72,15.39
04/07/2016,50.04,15.33
05/07/2016,50.22,15.21
06/07/2016,50.33,15.09
07/07/2016,50.53,15.05
08/07/2016,50.5,15.36
11/07/2016,50.5,15.26
12/07/2016,50.46,15.34
13/07/2016,50.59,15.43
14/07/2016,50.71,15.59
15/07/2016,50.66,15.58
18/07/2016,50.51,15.55
19/07/2016,50.65,15.55
20/07/2016,50.71,15.61
21/07/2016,50.67,15.43
22/07/2016,50.52,15.5
25/07/2016,50.49,15.35
26/07/2016,50.41,15.41
27/07/2016,50.51,15.47
28/07/2016,50.58,15.36
29/07/2016,50.69,15.65
01/08/2016,50.88,15.55
02/08/2016,50.54,15.47
03/08/2016,50.6,15.63
04/08/2016,50.6,15.82
05/08/2016,50.57,15.98
08/08/2016,50.47,15.94
09/08/2016,50.53,16.11
10/08/2016,50.7,16.24
11/08/2016,50.61,16.13
12/08/2016,50.42,15.82
15/08/2016,50.43,15.85
16/08/2016,50.58,15.88
17/08/2016,50.56,15.75
18/08/2016,50.51,15.6
19/08/2016,50.53,15.74
22/08/2016,50.56,15.78
23/08/2016,50.49,15.62
24/08/2016,50.53,15.67
25/08/2016,50.13,15.53
26/08/2016,50.33,15.39
29/08/2016,50.23,15.54
30/08/2016,50.37,15.52
31/08/2016,50.37,15.63
01/09/2016,50.41,15.52
02/09/2016,50.46,15.53
05/09/2016,50.45,15.39
06/09/2016,50.16,15.63
08/09/2016,50.13,15.61
09/09/2016,50.55,15.43
12/09/2016,50.4,15.53
13/09/2016,50.18,15.14
14/09/2016,49.89,14.95
15/09/2016,49.99,15.12
16/09/2016,50.15,15.36
19/09/2016,50.28,15.37
20/09/2016,50.28,15.37
21/09/2016,49.98,15.56
22/09/2016,49.89,15.5
23/09/2016,49.89,15.41
26/09/2016,49.89,15.37
27/09/2016,49.45,15.31
28/09/2016,49.54,15.36
29/09/2016,49.72,15.26
30/09/2016,49.66,15.27
03/10/2016,49.64,15.51
04/10/2016,49.66,15.26
05/10/2016,49.54,15.38
06/10/2016,49.57,15.37
07/10/2016,49.69,15.46
10/10/2016,49.7,15.51
11/10/2016,49.24,15.4
13/10/2016,49.6,15.6
14/10/2016,49.67,15.51
17/10/2016,49.81,15.55
18/10/2016,49.54,15.57
19/10/2016,49.33,15.56
20/10/2016,49.07,15.64
21/10/2016,49.47,15.63
24/10/2016,49.38,15.83
25/10/2016,49.32,15.87
26/10/2016,49.46,15.74
27/10/2016,49.3,15.64
28/10/2016,49.25,15.4
31/10/2016,49.25,15.46
01/11/2016,49.08,15.15
03/11/2016,49.21,15.21
04/11/2016,49.14,15.26
07/11/2016,48.96,15.28
08/11/2016,48.86,15.4
09/11/2016,48.95,15.23
10/11/2016,49.17,14.62
11/11/2016,49.18,14.43
14/11/2016,49.22,14.3
16/11/2016,49.19,14.35
17/11/2016,49.02,14.34
18/11/2016,49.11,14.52
21/11/2016,49.11,14.65
22/11/2016,48.7,14.5
23/11/2016,48.91,14.43
24/11/2016,49.19,14.52
25/11/2016,49.12,14.39
28/11/2016,48.91,14.46
29/11/2016,48.79,14.36
30/11/2016,48.99,14.47
01/12/2016,49.06,14.13
02/12/2016,49.17,14.2
05/12/2016,49.15,14.34
06/12/2016,48.93,14.36
07/12/2016,48.95,14.34
08/12/2016,49.34,14.58
09/12/2016,49.22,14.62
12/12/2016,49.24,14.71
13/12/2016,48.83,14.69
14/12/2016,49.21,14.73
15/12/2016,49.25,14.6
16/12/2016,49.25,14.52
19/12/2016,49.19,14.59
20/12/2016,49.2,14.7
21/12/2016,49.04,14.73
22/12/2016,48.93,14.84
23/12/2016,49.14,15.02
26/12/2016,49.15,15
27/12/2016,49.3,15.05
28/12/2016,49.43,15.06
29/12/2016,49.35,15.19
02/01/2017,49.39,15.03
03/01/2017,49.07,15.06
04/01/2017,49.13,15.25
05/01/2017,49.28,15.41
06/01/2017,49.25,15.28
09/01/2017,49.14,15.38
10/01/2017,49.35,15.45
11/01/2017,49.42,15.52
12/01/2017,49.63,15.65
13/01/2017,49.68,15.46
16/01/2017,49.61,15.33
17/01/2017,49.56,15.44
18/01/2017,49.78,15.47
19/01/2017,49.63,15.52
20/01/2017,49.81,15.67
23/01/2017,49.92,15.76
24/01/2017,50.13,15.82
25/01/2017,50.13,15.82
26/01/2017,50.11,15.76
27/01/2017,50.21,15.93
30/01/2017,50.16,16.09
31/01/2017,49.63,15.77
01/02/2017,49.42,15.69
02/02/2017,49.69,15.94
03/02/2017,49.82,16
06/02/2017,49.55,15.86
07/02/2017,49.77,15.94
08/02/2017,49.86,16
09/02/2017,49.76,15.9
10/02/2017,49.6,15.96
13/02/2017,49.56,15.93
14/02/2017,48.99,15.82
15/02/2017,49.27,16.07
16/02/2017,49.34,16.04
17/02/2017,48.95,15.83
20/02/2017,48.98,15.88
21/02/2017,47.93,15.52
22/02/2017,47.78,15.57
23/02/2017,47.07,15.38
24/02/2017,47.08,15.14
01/03/2017,47.06,15.21
02/03/2017,45.64,14.5
03/03/2017,45.02,14.45
06/03/2017,45.18,14.46
07/03/2017,44.39,14.25
08/03/2017,43.95,13.9
09/03/2017,43.88,13.74
10/03/2017,43.61,13.89
13/03/2017,43.48,13.79
14/03/2017,42.49,13.38
15/03/2017,41.69,13.39
16/03/2017,41.48,13.3
17/03/2017,41.67,13.45
20/03/2017,41.56,13.54
21/03/2017,40.52,13.14
22/03/2017,40.58,13.11
23/03/2017,40.35,12.87
24/03/2017,39.81,12.81
27/03/2017,39.78,12.7
28/03/2017,39.97,12.72
29/03/2017,40.04,12.84
30/03/2017,39.88,12.71
31/03/2017,39.9,12.76
03/04/2017,39.89,12.82
04/04/2017,39.42,12.72
05/04/2017,39.2,12.63
06/04/2017,39.38,12.52
07/04/2017,39.26,12.45
10/04/2017,39.11,12.48
11/04/2017,38.95,12.36
12/04/2017,38.87,12.35
13/04/2017,38.99,12.4
17/04/2017,38.83,12.51
18/04/2017,38.85,12.45
19/04/2017,38.97,12.41
20/04/2017,38.78,12.29
24/04/2017,38.88,12.41
25/04/2017,38.72,12.28
26/04/2017,38.96,12.27
27/04/2017,38.65,12.17
28/04/2017,38.62,12.17
02/05/2017,38.8,12.3
03/05/2017,38.83,12.31
04/05/2017,38.75,12.17
05/05/2017,38.92,12.26
08/05/2017,39.18,12.25
09/05/2017,38.88,12.22
10/05/2017,39.11,12.36
11/05/2017,39.1,12.41
12/05/2017,38.9,12.45
15/05/2017,38.82,12.49
16/05/2017,38.59,12.46
17/05/2017,38.97,12.49
18/05/2017,38.9,11.5
19/05/2017,38.86,11.92
22/05/2017,39.05,11.91
23/05/2017,38.88,11.92
24/05/2017,39.04,11.91
25/05/2017,39.07,11.88
26/05/2017,39.35,12.04
29/05/2017,39.27,12.01
30/05/2017,39.14,12
31/05/2017,39.35,12.16
01/06/2017,39.5,12.16
02/06/2017,39.32,12.09
05/06/2017,39.28,11.95
06/06/2017,39.04,11.91
07/06/2017,39.7,12.12
08/06/2017,39.57,12.13
09/06/2017,39.28,11.97
12/06/2017,39.66,11.97
13/06/2017,39.73,12.02
14/06/2017,39.74,12.08
16/06/2017,39.7,12.07
19/06/2017,39.71,12.07
20/06/2017,39.81,11.94
21/06/2017,39.82,11.96
22/06/2017,39.88,11.97
23/06/2017,39.88,11.94
26/06/2017,40,12.12
27/06/2017,40.13,12.09
28/06/2017,40.15,12.22
29/06/2017,40.31,12.2
30/06/2017,40.49,12.22
03/07/2017,40.53,12.28
04/07/2017,40.34,12.19
05/07/2017,40.3,12.24
06/07/2017,40.26,12.2
07/07/2017,40.19,12.24
10/07/2017,40.05,12.29
11/07/2017,40.27,12.38
12/07/2017,40.32,12.58
13/07/2017,40.3,12.55
14/07/2017,40.23,12.65
17/07/2017,40.12,12.61
18/07/2017,40.11,12.71
19/07/2017,40.31,12.81
20/07/2017,40.35,12.89
21/07/2017,40.16,12.8
24/07/2017,40.27,12.8
25/07/2017,40.03,12.63
26/07/2017,40.05,12.75
27/07/2017,40.21,12.74
28/07/2017,40.22,12.84
31/07/2017,40.19,12.9
01/08/2017,40.2,12.88
02/08/2017,40.3,12.91
03/08/2017,40.24,12.92
04/08/2017,40.16,12.85
07/08/2017,40.13,12.85
08/08/2017,39.94,12.79
09/08/2017,40.19,12.76
10/08/2017,40.19,12.69
11/08/2017,40.5,12.78
14/08/2017,40.5,12.69
15/08/2017,39.83,12.54
16/08/2017,39.75,12.62
17/08/2017,39.55,12.44
18/08/2017,39.52,12.57
21/08/2017,39.83,12.57
22/08/2017,39.63,12.51
23/08/2017,39.14,12.48
24/08/2017,39.09,12.43
25/08/2017,39.14,12.41
28/08/2017,38.81,12.28
29/08/2017,38.55,12.2
30/08/2017,38.38,12.15
31/08/2017,38.43,12.2
01/09/2017,38.76,12.33
04/09/2017,38.61,12.32
05/09/2017,38.41,12.32
06/09/2017,38.05,12.26
08/09/2017,37.77,12.22
11/09/2017,37.63,12.14
12/09/2017,37.03,11.83
13/09/2017,37.34,11.93
14/09/2017,37.01,11.88
15/09/2017,37.17,11.93
18/09/2017,37.15,11.86
19/09/2017,37.53,11.96
20/09/2017,37.53,11.96
21/09/2017,37.22,11.84
22/09/2017,36.97,11.83
25/09/2017,36.79,11.66
26/09/2017,36.72,11.59
27/09/2017,36.58,11.46
28/09/2017,36.22,11.39
29/09/2017,36.42,11.5
02/10/2017,36.35,11.53
03/10/2017,36.39,11.57
04/10/2017,36.26,11.58
05/10/2017,35.98,11.41
06/10/2017,36.49,11.56
09/10/2017,36.09,11.33
10/10/2017,36.35,11.44
11/10/2017,36.21,11.44
13/10/2017,36.2,11.49
16/10/2017,36.28,11.45
17/10/2017,36.54,11.53
18/10/2017,36.55,11.55
19/10/2017,36.44,11.48
20/10/2017,36.41,11.42
23/10/2017,36.29,11.25
24/10/2017,36.46,11.19
25/10/2017,36.56,11.27
26/10/2017,36.88,11.26
27/10/2017,36.65,11.29
30/10/2017,36.68,11.19
31/10/2017,36.75,11.22
01/11/2017,36.94,11.31
03/11/2017,37.11,11.24
06/11/2017,37.25,11.43
07/11/2017,37.29,11.37
08/11/2017,37.33,11.45
09/11/2017,37.15,11.41
10/11/2017,37.15,11.33
13/11/2017,37.24,11.3
14/11/2017,37.3,11.28
16/11/2017,37.55,11.46
17/11/2017,37.45,11.49
20/11/2017,37.22,11.41
21/11/2017,37.36,11.5
22/11/2017,37.47,11.58
23/11/2017,37.22,11.56
24/11/2017,37.38,11.58
27/11/2017,37.34,11.6
28/11/2017,37.32,11.62
29/11/2017,37.09,11.43
30/11/2017,37.21,11.35
01/12/2017,37.27,11.44
04/12/2017,37.14,11.45
05/12/2017,37.41,11.58
06/12/2017,37.48,11.57
07/12/2017,37.49,11.4
08/12/2017,37.44,11.35
11/12/2017,37.43,11.35
12/12/2017,37.37,11.23
13/12/2017,37.3,11.27
14/12/2017,37.2,11.14
15/12/2017,37.38,11.31
18/12/2017,37.43,11.35
19/12/2017,37.33,11.31
20/12/2017,37.17,11.29
21/12/2017,37.4,11.3
22/12/2017,37.37,11.22
26/12/2017,37.28,11.24
27/12/2017,37.4,11.29
28/12/2017,37.37,11.29
02/01/2018,37.41,11.48
03/01/2018,37.38,11.53
04/01/2018,37.13,11.51
05/01/2018,37.4,11.57
08/01/2018,37.44,11.58
09/01/2018,37.13,11.43
10/01/2018,37.03,11.47
11/01/2018,37.01,11.48
12/01/2018,36.96,11.52
15/01/2018,36.77,11.46
16/01/2018,37.13,11.5
17/01/2018,36.78,11.44
18/01/2018,36.71,11.43
19/01/2018,36.56,11.43
22/01/2018,36.58,11.4
23/01/2018,36.6,11.29
24/01/2018,36.55,11.5
25/01/2018,36.27,11.55
26/01/2018,36.24,11.52
29/01/2018,35.85,11.32
30/01/2018,35.84,11.28
31/01/2018,35.85,11.25
01/02/2018,35.7,11.27
02/02/2018,35.84,11.16
05/02/2018,35.82,11.04
06/02/2018,35.88,11.08
07/02/2018,35.87,10.94
08/02/2018,35.78,10.9
09/02/2018,35.53,10.74
14/02/2018,35.64,11.03
15/02/2018,35.36,10.92
16/02/2018,35.08,10.9
19/02/2018,34.75,10.74
20/02/2018,34.74,10.68
21/02/2018,35.32,10.86
22/02/2018,35.34,10.89
23/02/2018,35.38,10.92
26/02/2018,35.37,10.93
27/02/2018,35.24,10.85
28/02/2018,35.08,10.83
01/03/2018,35.07,10.77
02/03/2018,35.18,10.82
05/03/2018,35.36,10.89
06/03/2018,35.14,10.96
07/03/2018,34.91,10.76
08/03/2018,35.07,10.74
09/03/2018,34.93,10.75
12/03/2018,34.88,10.72
13/03/2018,35.12,10.76
14/03/2018,35.13,10.76
15/03/2018,35,10.64
16/03/2018,34.92,10.67
19/03/2018,34.92,10.62
20/03/2018,35.01,10.58
21/03/2018,35.08,10.72
22/03/2018,35.28,10.69
23/03/2018,34.96,10.55
26/03/2018,34.97,10.59
27/03/2018,35.19,10.57
28/03/2018,35.13,10.55
29/03/2018,35.11,10.64
02/04/2018,35.02,10.55
03/04/2018,35.1,10.52
04/04/2018,35.34,10.59
05/04/2018,35.33,10.57
06/04/2018,35.2,10.45
09/04/2018,35.51,10.44
10/04/2018,35.59,10.45
11/04/2018,35.49,10.5
12/04/2018,35.6,10.46
13/04/2018,35.77,10.45
16/04/2018,35.92,10.5
17/04/2018,35.94,10.56
18/04/2018,35.78,10.59
19/04/2018,35.94,10.61
20/04/2018,36.05,10.57
23/04/2018,36.1,10.47
24/04/2018,36.18,10.43
25/04/2018,36.22,10.39
26/04/2018,36.31,10.44
27/04/2018,36.25,10.47
30/04/2018,36.21,10.33
02/05/2018,36.17,10.19
03/05/2018,36.33,10.3
04/05/2018,36.22,10.28
07/05/2018,36.23,10.2
08/05/2018,36.46,10.21
09/05/2018,36.49,10.13
10/05/2018,36.63,10.33
11/05/2018,36.55,10.14
14/05/2018,36.53,10.08
15/05/2018,36.46,9.96
16/05/2018,36.57,9.94
17/05/2018,36.96,9.98
18/05/2018,36.85,9.84
21/05/2018,37.08,10.06
22/05/2018,36.89,10.14
23/05/2018,37.4,10.31
24/05/2018,37.45,10.27
25/05/2018,37.39,10.18
28/05/2018,37.36,10
29/05/2018,37.41,9.99
30/05/2018,37.56,10.04
01/06/2018,37.38,9.93
04/06/2018,37.72,10.09
05/06/2018,38.09,9.99
06/06/2018,37.85,9.91
07/06/2018,38.1,9.72
08/06/2018,37.92,10.2
11/06/2018,38.01,10.22
12/06/2018,38.61,10.39
13/06/2018,38.65,10.4
14/06/2018,38.76,10.21
15/06/2018,38.74,10.41
18/06/2018,39.23,10.47
19/06/2018,39.69,10.6
20/06/2018,39.53,10.47
21/06/2018,39.48,10.48
22/06/2018,39.65,10.5
25/06/2018,39.82,10.53
26/06/2018,40.19,10.59
27/06/2018,40.16,10.43
28/06/2018,40.62,10.52
29/06/2018,40.69,10.5
02/07/2018,40.49,10.35
03/07/2018,41.02,10.54
04/07/2018,41.19,10.53
05/07/2018,41.29,10.5
06/07/2018,41.29,10.57
09/07/2018,41.39,10.7
10/07/2018,41.56,10.94
11/07/2018,41.61,10.72
12/07/2018,41.76,10.75
13/07/2018,42,10.9
16/07/2018,41.94,10.86
17/07/2018,41.63,10.84
18/07/2018,42.17,11
19/07/2018,42.37,10.96
20/07/2018,42.34,11.2
23/07/2018,42.36,11.19
24/07/2018,42.81,11.43
25/07/2018,42.94,11.59
26/07/2018,43.04,11.51
27/07/2018,43.03,11.59
30/07/2018,42.9,11.51
31/07/2018,43.36,11.55
01/08/2018,43.31,11.54
02/08/2018,43.49,11.58
03/08/2018,43.69,11.79
06/08/2018,43.58,11.69
07/08/2018,43.88,11.66
08/08/2018,43.84,11.63
09/08/2018,43.81,11.53
10/08/2018,43.89,11.38
13/08/2018,43.86,11.24
14/08/2018,43.84,11.34
15/08/2018,43.82,11.23
16/08/2018,44.09,11.3
17/08/2018,44.09,11.25
20/08/2018,44.09,11.14
21/08/2018,44.46,11.05
22/08/2018,44.27,10.91
23/08/2018,44.5,10.81
24/08/2018,44.67,10.88
27/08/2018,44.71,10.95
28/08/2018,44.77,10.8
29/08/2018,44.81,10.88
30/08/2018,45.06,10.83
31/08/2018,45.07,11.08
03/09/2018,45.17,10.89
04/09/2018,45.11,10.86
05/09/2018,45.16,10.93
06/09/2018,45.13,10.97
10/09/2018,45.32,11.07
11/09/2018,45.22,10.87
12/09/2018,45.5,10.97
13/09/2018,45.91,10.94
14/09/2018,45.67,10.97
17/09/2018,46.01,11.17
18/09/2018,45.41,10.99
19/09/2018,45.78,11.1
20/09/2018,45.78,11.1
21/09/2018,45.79,11.33
24/09/2018,45.59,11.17
25/09/2018,45.54,11.15
26/09/2018,45.66,11.34
27/09/2018,45.64,11.45
28/09/2018,45.75,11.32
01/10/2018,45.66,11.36
02/10/2018,45.84,11.66
03/10/2018,45.8,11.75
04/10/2018,45.77,11.76
05/10/2018,45.56,11.79
08/10/2018,45.51,12.1
09/10/2018,45.76,12.33
10/10/2018,45.57,12.13
11/10/2018,45.06,11.95
15/10/2018,45.05,12.06
16/10/2018,44.77,12.04
17/10/2018,44.73,12.15
18/10/2018,44.84,12.09
19/10/2018,44.5,12
22/10/2018,44.41,12.04
23/10/2018,44.02,11.9
24/10/2018,43.86,11.74
25/10/2018,43.49,11.75
26/10/2018,43.58,11.95
29/10/2018,43.75,11.8
30/10/2018,43.34,11.73
31/10/2018,43.37,11.69
01/11/2018,43.18,11.71
05/11/2018,42.93,11.54
06/11/2018,42.7,11.37
07/11/2018,42.45,11.35
08/11/2018,42.26,11.29
09/11/2018,42.46,11.37
12/11/2018,42.21,11.26
13/11/2018,42.36,11.09
14/11/2018,42.01,11.09
16/11/2018,41.91,11.22
19/11/2018,41.7,11.08
20/11/2018,41.36,11
21/11/2018,41.2,10.88
22/11/2018,41.21,10.83
23/11/2018,41.17,10.79
26/11/2018,41.09,10.53
27/11/2018,40.93,10.53
28/11/2018,40.73,10.6
29/11/2018,40.67,10.55
30/11/2018,40.68,10.54
03/12/2018,40.54,10.59
04/12/2018,40.29,10.44
05/12/2018,40.35,10.43
06/12/2018,40.41,10.39
07/12/2018,40.31,10.38
10/12/2018,40.28,10.27
11/12/2018,39.9,10.19
12/12/2018,39.74,10.32
13/12/2018,39.74,10.25
14/12/2018,39.94,10.23
17/12/2018,40.26,10.34
18/12/2018,40.43,10.36
19/12/2018,40.16,10.37
20/12/2018,40.17,10.43
21/12/2018,39.97,10.27
26/12/2018,39.99,10.2
27/12/2018,40.11,10.29
28/12/2018,40.16,10.37
02/01/2019,40.25,10.55
03/01/2019,40.29,10.73
04/01/2019,40.18,10.82
07/01/2019,40.01,10.73
08/01/2019,39.92,10.76
09/01/2019,39.97,10.85
10/01/2019,39.92,10.73
11/01/2019,39.95,10.75
14/01/2019,39.9,10.8
15/01/2019,40.11,10.76
16/01/2019,40.04,10.74
17/01/2019,40.14,10.73
18/01/2019,40.2,10.7
21/01/2019,40.05,10.65
22/01/2019,39.77,10.48
23/01/2019,40.12,10.65
24/01/2019,40.28,10.68
25/01/2019,40.31,10.71
28/01/2019,40.19,10.68
29/01/2019,40.63,10.91
30/01/2019,40.68,10.93
31/01/2019,40.77,11.17
01/02/2019,40.57,11.08
04/02/2019,40.41,11.01
05/02/2019,40.4,11.03
06/02/2019,40.25,10.88
07/02/2019,40.26,10.86
08/02/2019,40.07,10.73
11/02/2019,40.01,10.64
12/02/2019,39.97,10.78
13/02/2019,40.12,10.69
14/02/2019,40.04,10.7
15/02/2019,40.12,10.83
18/02/2019,39.73,10.64
19/02/2019,39.61,10.68
20/02/2019,39.89,10.7
21/02/2019,39.8,10.6
22/02/2019,39.54,10.59
25/02/2019,39.44,10.55
26/02/2019,39.61,10.57
27/02/2019,39.6,10.62
28/02/2019,39.3,10.48
01/03/2019,39.21,10.39
06/03/2019,38.93,10.14
07/03/2019,39.32,10.09
08/03/2019,39.35,10.17
11/03/2019,39.23,10.21
12/03/2019,39.03,10.24
13/03/2019,39.03,10.25
14/03/2019,39.04,10.15
15/03/2019,39.21,10.27
18/03/2019,39.33,10.38
19/03/2019,39.33,10.39
20/03/2019,39.58,10.55
21/03/2019,39.55,10.43
22/03/2019,39.33,10.07
25/03/2019,39.2,10.16
26/03/2019,39.43,10.2
27/03/2019,39.54,10.01
28/03/2019,39.69,10.15
29/03/2019,39.59,10.11
01/04/2019,39.63,10.23
02/04/2019,40.33,10.46
03/04/2019,40.37,10.43
04/04/2019,40.35,10.48
05/04/2019,40.45,10.46
08/04/2019,40.45,10.52
09/04/2019,40.73,10.57
10/04/2019,41.19,10.79
11/04/2019,41.66,10.8
12/04/2019,41.92,10.78
15/04/2019,41.83,10.81
16/04/2019,42.25,10.84
17/04/2019,42.52,10.81
18/04/2019,42.64,10.85
22/04/2019,42.52,10.82
23/04/2019,42.8,10.91
24/04/2019,42.98,10.78
25/04/2019,43.39,10.97
26/04/2019,43.38,11.03
29/04/2019,43.12,10.94
30/04/2019,42.97,10.96
02/05/2019,43.24,10.92
03/05/2019,43.61,11.08
06/05/2019,43.83,11.08
07/05/2019,44.07,11.1
08/05/2019,44.1,11.22
09/05/2019,44.13,11.18
10/05/2019,44.31,11.24
13/05/2019,44.3,11.12
14/05/2019,44.14,11.11
15/05/2019,44.38,11.12
16/05/2019,44.31,10.97
17/05/2019,44.55,10.87
20/05/2019,44.47,10.84
21/05/2019,44.13,10.89
22/05/2019,44.26,10.95
23/05/2019,44.31,10.95
24/05/2019,44.5,11.09
27/05/2019,44.63,11.07
28/05/2019,44.34,11.04
29/05/2019,44.48,11.19
30/05/2019,44.45,11.18
31/05/2019,44.34,11.29
03/06/2019,44.39,11.39
04/06/2019,44.65,11.57
05/06/2019,44.42,11.39
06/06/2019,44.64,11.51
07/06/2019,44.45,11.48
10/06/2019,44.53,11.48
11/06/2019,44.18,11.49
12/06/2019,44.08,11.43
13/06/2019,43.97,11.4
14/06/2019,44.07,11.32
17/06/2019,43.89,11.25
18/06/2019,43.77,11.34
19/06/2019,43.68,11.34
21/06/2019,43.63,11.42
24/06/2019,43.62,11.41
25/06/2019,43.57,11.32
26/06/2019,43.32,11.26
27/06/2019,43.28,11.3
28/06/2019,43.45,11.33
01/07/2019,43.26,11.25
02/07/2019,43.25,11.22
03/07/2019,43.19,11.3
04/07/2019,43.18,11.38
05/07/2019,43.18,11.31
08/07/2019,43.23,11.36
09/07/2019,43.17,11.4
10/07/2019,43.19,11.51
11/07/2019,43.25,11.53
12/07/2019,43.22,11.55
15/07/2019,43.21,11.5
16/07/2019,42.99,11.43
17/07/2019,42.99,11.44
18/07/2019,43,11.53
19/07/2019,43.19,11.53
22/07/2019,43.03,11.51
23/07/2019,43.05,11.41
24/07/2019,42.83,11.36
25/07/2019,42.84,11.32
26/07/2019,42.84,11.37
29/07/2019,42.91,11.36
30/07/2019,42.9,11.31
31/07/2019,42.9,11.3
01/08/2019,43.01,11.19
02/08/2019,43.2,11.12
05/08/2019,43.23,10.91
06/08/2019,43.06,10.88
07/08/2019,43.24,10.88
08/08/2019,43.29,11.03
09/08/2019,43.23,10.97
12/08/2019,43.37,10.9
13/08/2019,43.21,10.9
14/08/2019,43.53,10.78
15/08/2019,43.55,10.91
16/08/2019,43.64,10.91
19/08/2019,43.68,10.74
20/08/2019,43.6,10.79
21/08/2019,43.97,10.93
22/08/2019,44.17,10.85
23/08/2019,44.17,10.73
26/08/2019,44.24,10.66
27/08/2019,44.84,10.81
28/08/2019,44.67,10.75
29/08/2019,44.9,10.79
30/08/2019,44.79,10.84
02/09/2019,44.76,10.7
03/09/2019,44.93,10.75
04/09/2019,45.02,10.97
05/09/2019,45.28,11.04
06/09/2019,45.45,11.16
09/09/2019,45.15,11.02
10/09/2019,45.39,11.07
11/09/2019,45.55,11.21
12/09/2019,45.53,11.22
13/09/2019,45.52,11.13
16/09/2019,45.37,11.09
17/09/2019,45.22,11.08
18/09/2019,45.37,11.04
19/09/2019,45.48,10.94
20/09/2019,45.48,10.94
23/09/2019,45.49,10.91
24/09/2019,45.36,10.87
25/09/2019,45.64,10.98
26/09/2019,45.98,11.05
27/09/2019,45.84,11.03
30/09/2019,45.67,11
01/10/2019,45.57,10.95
02/10/2019,45.51,11.01
03/10/2019,45.54,11.15
04/10/2019,45.62,11.23
07/10/2019,45.49,11.09
08/10/2019,46.01,11.25
09/10/2019,45.81,11.19
10/10/2019,45.74,11.1
11/10/2019,45.82,11.22
14/10/2019,45.84,11.11
15/10/2019,46.08,11.08
16/10/2019,45.75,11
17/10/2019,45.72,10.99
18/10/2019,46.09,11.2
21/10/2019,45.81,11.08
22/10/2019,45.93,11.28
23/10/2019,46.19,11.45
24/10/2019,46.24,11.46
25/10/2019,46.31,11.55
28/10/2019,46.51,11.66
29/10/2019,46.21,11.56
30/10/2019,46.07,11.55
31/10/2019,46.54,11.6
01/11/2019,46.65,11.73
04/11/2019,46.81,11.68
05/11/2019,46.58,11.67
06/11/2019,46.22,11.31
07/11/2019,46.31,11.33
08/11/2019,46.37,11.16
11/11/2019,46.24,11.18
12/11/2019,46.27,11.1
13/11/2019,46.47,11.1
14/11/2019,46.56,11.11
18/11/2019,46.7,11.12
19/11/2019,46.54,11.09
20/11/2019,46.48,11.06
21/11/2019,46.53,11.09
22/11/2019,46.56,11.11
25/11/2019,46.69,11.09
26/11/2019,46.76,11.02
27/11/2019,46.96,11.03
28/11/2019,47.14,11.19
29/11/2019,47.23,11.15
02/12/2019,47.22,11.19
03/12/2019,47.53,11.3
04/12/2019,47.55,11.31
05/12/2019,47.63,11.38
06/12/2019,47.65,11.5
09/12/2019,47.68,11.54
10/12/2019,47.89,11.55
11/12/2019,47.93,11.6
12/12/2019,47.97,11.74
13/12/2019,48.08,11.71
16/12/2019,47.98,11.81
17/12/2019,48.08,11.83
18/12/2019,48.06,11.82
19/12/2019,48.13,11.85
20/12/2019,48.16,11.75
23/12/2019,48.16,11.82
26/12/2019,48.27,11.88
27/12/2019,48.13,11.89
30/12/2019,48.04,11.96
02/01/2020,48.05,11.94
03/01/2020,48.09,11.87
06/01/2020,48.08,11.81
07/01/2020,48.12,11.85
08/01/2020,48.46,11.97
09/01/2020,48.43,11.85
10/01/2020,48.63,11.92
13/01/2020,48.67,11.76
14/01/2020,49.45,11.98
15/01/2020,49.79,11.92
16/01/2020,50.09,11.94
17/01/2020,50.08,12.03
20/01/2020,50.09,11.96
21/01/2020,50.13,11.94
22/01/2020,50.25,12.03
23/01/2020,50.05,12.02
24/01/2020,50.13,11.98
27/01/2020,50.4,11.99
28/01/2020,50.77,12.11
29/01/2020,51.26,12.14
30/01/2020,51.07,11.98
31/01/2020,51.17,11.95
03/02/2020,51.28,12.07
04/02/2020,51.22,12.03
05/02/2020,51.13,12.05
06/02/2020,51.2,11.97
07/02/2020,51.34,11.89
10/02/2020,51.58,11.92
11/02/2020,51.13,11.82
12/02/2020,50.93,11.72
13/02/2020,50.84,11.7
14/02/2020,50.66,11.78
17/02/2020,50.46,11.66
18/02/2020,49.95,11.46
19/02/2020,49.87,11.42
20/02/2020,49.84,11.36
21/02/2020,49.69,11.32
26/02/2020,49.42,11.13
27/02/2020,49.35,11.04
28/02/2020,49.53,11.03
02/03/2020,49.72,11.09
03/03/2020,49.2,10.91
04/03/2020,49.04,10.71
05/03/2020,49.16,10.58
06/03/2020,48.9,10.56
09/03/2020,49.04,10.33
10/03/2020,49.02,10.56
11/03/2020,48.95,10.34
12/03/2020,49.07,10.18
13/03/2020,49.08,10.12
16/03/2020,49.22,9.79
17/03/2020,49.18,9.83
18/03/2020,49.39,9.45
19/03/2020,49.89,9.78
20/03/2020,49.88,9.88
23/03/2020,50.11,9.75
24/03/2020,50.36,9.89
25/03/2020,50.7,10.12
26/03/2020,51.22,10.24
27/03/2020,51.27,10.14
30/03/2020,51.4,9.93
31/03/2020,51.92,9.99
01/04/2020,52.09,9.9
02/04/2020,52.29,9.93
03/04/2020,52.45,9.87
06/04/2020,52.45,9.89
07/04/2020,53.36,10.23
08/04/2020,53.72,10.43
09/04/2020,53.87,10.56
13/04/2020,54.18,10.47
14/04/2020,54.77,10.56
15/04/2020,55.05,10.51
16/04/2020,55.08,10.47
17/04/2020,55.15,10.52
20/04/2020,55.33,10.43
22/04/2020,55.53,10.27
23/04/2020,56.02,10.18
24/04/2020,56.13,9.9
27/04/2020,56.23,9.85
28/04/2020,56.58,10.29
29/04/2020,57.32,10.7
30/04/2020,57.22,10.5
04/05/2020,57.74,10.42
05/05/2020,57.75,10.32
06/05/2020,58.28,10.22
07/05/2020,58.92,10.06
08/05/2020,59.16,10.29
11/05/2020,58.81,10.08
12/05/2020,59.63,10.17
13/05/2020,60.38,10.21
14/05/2020,60.44,10.35
15/05/2020,60.42,10.36
18/05/2020,60.32,10.56
19/05/2020,60.99,10.64
20/05/2020,62.68,11.04
21/05/2020,62.79,11.27
22/05/2020,62.49,11.2
25/05/2020,62.35,11.43
26/05/2020,62.94,11.79
27/05/2020,63.12,11.93
28/05/2020,62.71,11.69
29/05/2020,62.51,11.71
01/06/2020,62.39,11.6
02/06/2020,62.2,11.92
03/06/2020,62,12.23
04/06/2020,61.98,12.11
05/06/2020,61.76,12.43
08/06/2020,61.67,12.66
09/06/2020,61.62,12.63
10/06/2020,61.41,12.49
12/06/2020,60.93,12.04
15/06/2020,61.24,11.89
16/06/2020,61.59,11.79
17/06/2020,61.79,11.74
18/06/2020,61.75,11.46
19/06/2020,61.88,11.66
22/06/2020,61.88,11.75
23/06/2020,62.02,12.05
24/06/2020,62.3,11.72
25/06/2020,62.2,11.68
26/06/2020,62.35,11.4
29/06/2020,62.64,11.52
30/06/2020,62.75,11.53
01/07/2020,62.64,11.79
02/07/2020,62.77,11.73
03/07/2020,63.04,11.86
06/07/2020,63.03,11.8
07/07/2020,63.03,11.71
08/07/2020,63.21,11.83
09/07/2020,63.28,11.86
10/07/2020,63.5,11.94
13/07/2020,63.64,11.85
14/07/2020,64.35,12.05
15/07/2020,64.49,11.98
16/07/2020,64.7,12.15
17/07/2020,64.6,11.99
20/07/2020,64.64,12.12
21/07/2020,64.95,12.5
22/07/2020,65.36,12.77
23/07/2020,65.77,12.63
24/07/2020,65.71,12.61
27/07/2020,65.6,12.69
28/07/2020,66.44,12.89
29/07/2020,66.87,12.93
30/07/2020,67.64,13.12
31/07/2020,68.04,13.05
03/08/2020,67.96,12.75
04/08/2020,68.98,13.02
05/08/2020,69.57,13.13
06/08/2020,70.12,13.1
07/08/2020,70.65,13.03
10/08/2020,71.26,13.06
11/08/2020,73.05,13.52
12/08/2020,74.38,13.64
13/08/2020,74.6,13.89
14/08/2020,75.9,13.98
17/08/2020,75.88,13.79
18/08/2020,78.88,14.43
19/08/2020,80.79,14.63
20/08/2020,82.32,14.81
21/08/2020,83.09,14.82
24/08/2020,84.52,15.1
25/08/2020,88.49,16.02
26/08/2020,91.09,16.26
27/08/2020,89.06,15.99
28/08/2020,93.05,17.21
31/08/2020,94.02,17.17
01/09/2020,99.57,18.48
02/09/2020,100.46,18.76
03/09/2020,101.92,19.27
04/09/2020,102.93,19.4
08/09/2020,104.17,19.44
09/09/2020,104.39,19.74
10/09/2020,105.81,19.9
11/09/2020,104.58,19.61
14/09/2020,104.29,19.76
15/09/2020,104.35,19.74
16/09/2020,104.66,19.97
17/09/2020,105.32,20.11
18/09/2020,105.75,19.7
21/09/2020,105.67,19.56
22/09/2020,105.92,19.38
23/09/2020,106.24,19.05
24/09/2020,106.09,19.23
25/09/2020,105.93,19.11
28/09/2020,105.65,18.75
29/09/2020,104.19,18.49
30/09/2020,104.29,18.56
01/10/2020,105.56,18.68
02/10/2020,105.7,18.68
05/10/2020,105.79,19.02
06/10/2020,105.33,18.81
07/10/2020,105.87,18.85
08/10/2020,105.93,18.96
09/10/2020,106.23,19.2
13/10/2020,106.34,19.08
14/10/2020,106.04,18.93
15/10/2020,105.71,18.84
16/10/2020,105.52,18.69
19/10/2020,105.65,18.85
20/10/2020,105.02,18.76
21/10/2020,104.57,18.65
22/10/2020,105.07,18.77
23/10/2020,104.5,18.57
26/10/2020,104.32,18.55
27/10/2020,104.76,18.46
28/10/2020,105.21,18.32
29/10/2020,104.78,18.22
30/10/2020,105.17,18.3
03/11/2020,104.7,18.2
04/11/2020,104.39,18.44
05/11/2020,104.49,18.84
06/11/2020,103.29,19.17
09/11/2020,104.19,19.24
10/11/2020,104.28,19.39
11/11/2020,104.85,19.37
12/11/2020,104.79,19.17
13/11/2020,104.56,19.09
16/11/2020,104.63,19.26
17/11/2020,105,19.67
18/11/2020,104.66,19.58
19/11/2020,104.22,19.62
20/11/2020,104.31,19.42
23/11/2020,103.68,19.07
24/11/2020,103.04,19.13
25/11/2020,102.65,19.3
26/11/2020,102.92,19.31
27/11/2020,102.63,19.26
30/11/2020,102.3,19.11
01/12/2020,101.42,19.38
02/12/2020,101.57,19.36
03/12/2020,101.42,19.74
04/12/2020,100.58,19.61
07/12/2020,100.22,19.72
08/12/2020,98.31,19.17
09/12/2020,98.16,18.94
10/12/2020,97.27,19.31
11/12/2020,96.51,19.1
14/12/2020,97.05,18.99
15/12/2020,95.48,18.76
16/12/2020,95.43,18.62
17/12/2020,94.48,18.62
18/12/2020,94.31,18.54
21/12/2020,94.3,18.4
22/12/2020,94.13,18.22
23/12/2020,94.25,18.13
28/12/2020,94.17,17.97
29/12/2020,94.12,18.16
30/12/2020,93.91,18.11
04/01/2021,93.48,17.77
05/01/2021,92.29,17.54
06/01/2021,92.75,17.56
07/01/2021,91.72,17.03
08/01/2021,91.6,16.91
11/01/2021,91.29,16.63
12/01/2021,90.64,17
13/01/2021,90.54,17.08
14/01/2021,90.31,17.36
15/01/2021,90.22,17.07
18/01/2021,89.95,17
19/01/2021,89.75,16.78
20/01/2021,89.42,16.81
21/01/2021,89.57,16.72
22/01/2021,89.27,16.31
25/01/2021,89.1,16.17
26/01/2021,89.5,16.8
27/01/2021,89.64,16.61
28/01/2021,89.12,16.39
29/01/2021,89.18,16.26
01/02/2021,88.84,16.3
02/02/2021,88.8,16.57
03/02/2021,89.14,16.63
04/02/2021,89.45,16.4
05/02/2021,89.38,16.59
08/02/2021,89.27,16.62
09/02/2021,87.86,16.32
10/02/2021,88.02,16.36
11/02/2021,87.64,16.25
12/02/2021,87.76,16.32
17/02/2021,87.59,16.16
18/02/2021,87.66,16.11
19/02/2021,88.07,16.29
22/02/2021,88.18,16.2
23/02/2021,86.76,15.91
24/02/2021,86.97,16.01
25/02/2021,87.09,15.82
26/02/2021,86.92,15.57
01/03/2021,86.59,15.46
02/03/2021,85.45,15.08
03/03/2021,84.45,14.68
04/03/2021,84.67,14.95
05/03/2021,84.69,14.87
08/03/2021,85.08,14.75
09/03/2021,85.04,14.69
10/03/2021,85.47,15.11
11/03/2021,85.66,15.47
12/03/2021,85.67,15.4
15/03/2021,85.75,15.19
16/03/2021,86.15,15.35
17/03/2021,86.21,15.44
18/03/2021,86.43,15.55
19/03/2021,86.7,15.8
22/03/2021,86.46,15.68
23/03/2021,86.59,15.7
24/03/2021,86.89,15.48
25/03/2021,87.1,15.37
26/03/2021,87.18,15.17
29/03/2021,86.93,15.07
30/03/2021,86.93,15.13
31/03/2021,86.99,15.47
01/04/2021,87.14,15.27
05/04/2021,87.1,15.36
06/04/2021,87.16,15.57
07/04/2021,87.24,15.44
08/04/2021,87.31,15.67
09/04/2021,87.54,15.42
12/04/2021,87.41,15.27
13/04/2021,87.15,15.29
14/04/2021,87.12,15.35
15/04/2021,87.23,15.51
16/04/2021,87.42,15.65
19/04/2021,87.21,15.68
20/04/2021,86.66,15.59
22/04/2021,86.76,15.88
23/04/2021,86.88,15.81
26/04/2021,86.72,15.89
27/04/2021,86.64,15.85
28/04/2021,86.63,16.15
29/04/2021,86.67,16.19
30/04/2021,86.64,15.94
03/05/2021,86.71,15.99
04/05/2021,86.45,15.91
05/05/2021,85.82,15.99
06/05/2021,85.88,16.26
07/05/2021,85.95,16.46
10/05/2021,85.77,16.4
11/05/2021,84.59,16.19
12/05/2021,84.46,15.95
13/05/2021,83.95,15.84
14/05/2021,83.62,15.87
17/05/2021,83.58,15.87
18/05/2021,83.12,15.84
19/05/2021,82.68,15.56
20/05/2021,82.29,15.61
21/05/2021,82.07,15.35
24/05/2021,81.73,15.36
25/05/2021,80.57,15.1
26/05/2021,80.06,15.08
27/05/2021,80.01,15.23
28/05/2021,79.51,15.24
31/05/2021,79.35,15.19
01/06/2021,78.45,15.22
02/06/2021,77.92,15.3
04/06/2021,77.74,15.44
07/06/2021,77.58,15.4
08/06/2021,76.67,15.22
09/06/2021,76.18,15.02
10/06/2021,75.47,14.9
11/06/2021,75.1,14.67
14/06/2021,74.35,14.66
15/06/2021,72.8,14.44
16/06/2021,72.16,14.3
17/06/2021,72.23,14.38
18/06/2021,71.91,14.18
21/06/2021,71.52,14.24
22/06/2021,69.89,14.08
23/06/2021,69.45,13.99
24/06/2021,69.34,14.14
25/06/2021,69.37,14.01
28/06/2021,69.46,14.1
29/06/2021,69.2,14.01
30/06/2021,69.3,13.93
01/07/2021,69.48,13.76
02/07/2021,69.39,13.75
05/07/2021,69.36,13.64
06/07/2021,69.72,13.41
07/07/2021,69.99,13.37
08/07/2021,70.05,13.33
09/07/2021,70.08,13.38
12/07/2021,70.15,13.57
13/07/2021,70.62,13.66
14/07/2021,70.93,13.98
15/07/2021,70.89,13.83
16/07/2021,71.44,13.95
19/07/2021,71.24,13.55
20/07/2021,73.02,13.99
21/07/2021,73.25,14.13
22/07/2021,73.37,14.09
23/07/2021,72.99,13.99
26/07/2021,73.49,14.2
27/07/2021,74.99,14.48
28/07/2021,75.04,14.67
29/07/2021,75.16,14.8
30/07/2021,75.65,14.56
02/08/2021,75.83,14.69
03/08/2021,76.98,14.85
04/08/2021,77.28,14.89
05/08/2021,77.22,14.84
06/08/2021,77.16,14.72
09/08/2021,77.14,14.73
10/08/2021,77.58,14.92
11/08/2021,77.83,14.89
12/08/2021,77.82,14.81
13/08/2021,77.93,14.86
16/08/2021,77.76,14.71
17/08/2021,77.66,14.74
18/08/2021,77.44,14.45
19/08/2021,77.56,14.32
20/08/2021,77.29,14.37
23/08/2021,77.15,14.36
24/08/2021,76.97,14.64
25/08/2021,76.88,14.76
26/08/2021,76.8,14.63
27/08/2021,76.63,14.75
30/08/2021,76.77,14.8
31/08/2021,76.4,14.76
01/09/2021,76.28,14.74
02/09/2021,76.16,14.69
03/09/2021,76.02,14.66
06/09/2021,75.92,14.67
08/09/2021,75.23,14.16
09/09/2021,74.77,14.09
10/09/2021,74.78,14.2
13/09/2021,74.93,14.32
14/09/2021,74.94,14.24
15/09/2021,74.9,14.29
16/09/2021,74.85,14.19
17/09/2021,75.08,14.21
20/09/2021,75.08,14.21
21/09/2021,74.88,14.18
22/09/2021,74.71,14.09
23/09/2021,74.4,14.02
24/09/2021,74.34,13.91
27/09/2021,74.35,13.82
28/09/2021,74.31,13.68
29/09/2021,74.08,13.65
30/09/2021,74.58,13.72
01/10/2021,74.77,13.94
04/10/2021,74.58,13.68
05/10/2021,74.28,13.58
06/10/2021,74.09,13.5
07/10/2021,73.72,13.4
08/10/2021,73.75,13.39
11/10/2021,73.64,13.31
13/10/2021,73.26,13.29
14/10/2021,72.77,13.18
15/10/2021,72.81,13.34
18/10/2021,72.82,13.21
19/10/2021,72.52,12.98
20/10/2021,72.2,13.02
21/10/2021,71.54,12.65
22/10/2021,71.1,12.61
25/10/2021,71,12.8
26/10/2021,70.04,12.58
27/10/2021,69.49,12.48
28/10/2021,68.6,12.19
29/10/2021,68.3,12.09
01/11/2021,68.52,12.08
03/11/2021,67.98,12.15
04/11/2021,66.85,11.91
05/11/2021,66.71,12.11
08/11/2021,66.19,11.93
09/11/2021,65.76,11.99
10/11/2021,65.83,11.98
11/11/2021,65.67,12.17
12/11/2021,65.46,12
16/11/2021,64.97,11.83
17/11/2021,64.49,11.67
18/11/2021,64.46,11.58
19/11/2021,64.45,11.5
22/11/2021,64.39,11.52
23/11/2021,64.17,11.44
24/11/2021,63.62,11.37
25/11/2021,63.53,11.42
26/11/2021,63.65,11.37
29/11/2021,63.71,11.35
30/11/2021,62.95,11.15
01/12/2021,62.57,11.04
02/12/2021,62.67,11.09
03/12/2021,62.43,11
06/12/2021,62.54,11
07/12/2021,62.63,11.15
08/12/2021,62.32,11.25
09/12/2021,62.3,11.17
10/12/2021,62.28,11.1
13/12/2021,62.54,11.02
14/12/2021,62.42,10.97
15/12/2021,62.27,10.88
16/12/2021,62.34,10.99
17/12/2021,62.52,11
20/12/2021,62.52,10.9
21/12/2021,62.56,10.9
22/12/2021,62.54,11.03
23/12/2021,62.49,11.03
27/12/2021,62.5,11.09
28/12/2021,62.5,11.09
29/12/2021,62.5,10.98
30/12/2021,62.5,11.21
03/01/2022,62.49,11.04
04/01/2022,62.49,10.99
05/01/2022,62.35,11.01
06/01/2022,62.25,10.95
07/01/2022,62.17,11.04
10/01/2022,62.04,10.94
11/01/2022,62.1,11.13
12/01/2022,62.28,11.25
13/01/2022,62.33,11.29
14/01/2022,62.5,11.32
17/01/2022,62.55,11.32
18/01/2022,62.54,11.26
19/01/2022,62.94,11.52
20/01/2022,62.83,11.61
21/01/2022,62.9,11.53
24/01/2022,62.94,11.44
25/01/2022,63.45,11.66
26/01/2022,63.46,11.74
27/01/2022,63.88,11.77
28/01/2022,64.36,11.93
31/01/2022,64.02,12.07
01/02/2022,66.02,12.53
02/02/2022,67.09,12.69
03/02/2022,68,12.85
04/02/2022,67.58,12.69
07/02/2022,67.62,12.86
08/02/2022,68.14,12.97
09/02/2022,69.35,13.29
10/02/2022,69.27,13.25
11/02/2022,69.12,13.23
14/02/2022,69.03,13.23
15/02/2022,72.34,13.96
16/02/2022,72.88,14.21
17/02/2022,73.1,14.14
18/02/2022,73.36,14.28
21/02/2022,73.3,14.36
22/02/2022,73.69,14.55
23/02/2022,73.95,14.78
24/02/2022,74.05,14.47
25/02/2022,73.92,14.37
02/03/2022,74.01,14.48
03/03/2022,74.2,14.77
04/03/2022,74.86,14.74
07/03/2022,74.81,14.73
08/03/2022,74.85,14.8
09/03/2022,74.91,14.95
10/03/2022,74.93,14.93
11/03/2022,75.18,14.88
14/03/2022,75.05,14.63
15/03/2022,75.13,14.58
16/03/2022,75.54,14.8
17/03/2022,76.13,15.11
18/03/2022,76.03,15.16
21/03/2022,75.99,15.35
22/03/2022,76.42,15.54
23/03/2022,76.83,15.88
24/03/2022,76.8,15.91
25/03/2022,76.94,16.19
28/03/2022,76.89,16.12
29/03/2022,76.59,16.09
30/03/2022,76.82,16.06
31/03/2022,76.75,16.12
01/04/2022,76.77,16.44
04/04/2022,76.71,16.63
05/04/2022,76.4,16.41
06/04/2022,75.39,15.97
07/04/2022,75.56,15.92
08/04/2022,75.07,15.96
11/04/2022,74.56,15.92
12/04/2022,73.73,15.76
13/04/2022,73.11,15.6
14/04/2022,73.01,15.56
18/04/2022,72.94,15.66
19/04/2022,72.64,15.54
20/04/2022,72.34,15.64
22/04/2022,72.53,15.12
25/04/2022,72.41,14.86
26/04/2022,71.07,14.24
27/04/2022,70.98,14.3
28/04/2022,70.79,14.34
29/04/2022,70.78,14.3
02/05/2022,70.55,13.92
03/05/2022,70.33,14.17
04/05/2022,70.28,14.31
05/05/2022,69.97,13.91
06/05/2022,70.18,13.83
09/05/2022,70.31,13.64
10/05/2022,70.55,13.77
11/05/2022,70.61,13.74
12/05/2022,70.69,13.74
13/05/2022,70.67,13.98
16/05/2022,70.58,13.99
17/05/2022,70.68,14.3
18/05/2022,70.91,14.22
19/05/2022,70.79,14.41
20/05/2022,71,14.58
23/05/2022,71.09,14.77
24/05/2022,71.29,14.79
25/05/2022,71.61,14.88
26/05/2022,71.61,15.04
27/05/2022,71.75,15.14
30/05/2022,71.81,15.12
31/05/2022,71.68,15.09
01/06/2022,71.73,14.95
02/06/2022,71.78,14.97
03/06/2022,71.75,15
06/06/2022,71.85,14.97
07/06/2022,71.96,14.77
08/06/2022,72,14.75
09/06/2022,71.96,14.65
10/06/2022,72.2,14.49
13/06/2022,72.14,14.08
14/06/2022,72.22,14.05
15/06/2022,72.24,14.38
17/06/2022,72.46,14.1
20/06/2022,72.29,13.94
21/06/2022,72.79,14.13
22/06/2022,73.13,14.14
23/06/2022,73.14,13.99
24/06/2022,73.75,14.03
27/06/2022,73.69,14.1
28/06/2022,74.14,14.08
29/06/2022,74.29,14.3
30/06/2022,74.38,14.22
01/07/2022,74.16,13.93
04/07/2022,74.6,14.01
05/07/2022,75.08,13.92
06/07/2022,75.25,13.9
07/07/2022,75.42,14.11
08/07/2022,75.49,14.34
11/07/2022,75.59,14.08
12/07/2022,75.41,13.87
13/07/2022,75.77,14.02
14/07/2022,76.38,14.06
15/07/2022,76.52,14.15
18/07/2022,76.42,14.09
19/07/2022,76.94,14.2
20/07/2022,77.28,14.15
21/07/2022,77.21,14.06
22/07/2022,77.46,14.08
25/07/2022,77.69,14.46
26/07/2022,77.24,14.43
27/07/2022,77.81,14.82
28/07/2022,77.96,15.11
29/07/2022,77.79,15.02
01/08/2022,77.8,15
02/08/2022,78.05,14.78
03/08/2022,78.26,14.84
04/08/2022,77.68,14.89
05/08/2022,77.64,15.02
08/08/2022,77.56,15.17
09/08/2022,77.08,15.01
10/08/2022,76.72,15.06
11/08/2022,76.17,14.76
12/08/2022,76.11,15.02
15/08/2022,76.08,14.94
16/08/2022,76.04,14.77
17/08/2022,75.73,14.64
18/08/2022,75.94,14.68
